-- MySQL dump 10.13  Distrib 8.0.27, for Linux (x86_64)
--
-- Host: 127.0.0.1    Database: tpbooking
-- ------------------------------------------------------
-- Server version	8.0.27-0ubuntu0.20.04.1

/*!40101 SET @OLD_CHARACTER_SET_CLIENT=@@CHARACTER_SET_CLIENT */;
/*!40101 SET @OLD_CHARACTER_SET_RESULTS=@@CHARACTER_SET_RESULTS */;
/*!40101 SET @OLD_COLLATION_CONNECTION=@@COLLATION_CONNECTION */;
/*!50503 SET NAMES utf8mb4 */;
/*!40103 SET @OLD_TIME_ZONE=@@TIME_ZONE */;
/*!40103 SET TIME_ZONE='+00:00' */;
/*!40014 SET @OLD_UNIQUE_CHECKS=@@UNIQUE_CHECKS, UNIQUE_CHECKS=0 */;
/*!40014 SET @OLD_FOREIGN_KEY_CHECKS=@@FOREIGN_KEY_CHECKS, FOREIGN_KEY_CHECKS=0 */;
/*!40101 SET @OLD_SQL_MODE=@@SQL_MODE, SQL_MODE='NO_AUTO_VALUE_ON_ZERO' */;
/*!40111 SET @OLD_SQL_NOTES=@@SQL_NOTES, SQL_NOTES=0 */;

--
-- Table structure for table `admin`
--

DROP TABLE IF EXISTS `admin`;
/*!40101 SET @saved_cs_client     = @@character_set_client */;
/*!50503 SET character_set_client = utf8mb4 */;
CREATE TABLE `admin` (
  `admin_id` int NOT NULL AUTO_INCREMENT,
  `active` bit(1) DEFAULT NULL,
  `avatar` varchar(255) DEFAULT NULL,
  `password` varchar(255) DEFAULT NULL,
  `username` varchar(255) DEFAULT NULL,
  PRIMARY KEY (`admin_id`)
) ENGINE=MyISAM DEFAULT CHARSET=utf8mb4 COLLATE=utf8mb4_0900_ai_ci;
/*!40101 SET character_set_client = @saved_cs_client */;

--
-- Dumping data for table `admin`
--

LOCK TABLES `admin` WRITE;
/*!40000 ALTER TABLE `admin` DISABLE KEYS */;
/*!40000 ALTER TABLE `admin` ENABLE KEYS */;
UNLOCK TABLES;

--
-- Table structure for table `comment`
--

DROP TABLE IF EXISTS `comment`;
/*!40101 SET @saved_cs_client     = @@character_set_client */;
/*!50503 SET character_set_client = utf8mb4 */;
CREATE TABLE `comment` (
  `comment_id` int NOT NULL AUTO_INCREMENT,
  `time` datetime DEFAULT NULL,
  `content` varchar(255) DEFAULT NULL,
  `title` varchar(255) DEFAULT NULL,
  `hotel_id` varchar(127) NOT NULL,
  `user_id` int NOT NULL,
  PRIMARY KEY (`comment_id`),
  KEY `FKej6lhabpn9qvujgc51lqlkmur` (`hotel_id`),
  KEY `FK8kcum44fvpupyw6f5baccx25c` (`user_id`)
) ENGINE=MyISAM AUTO_INCREMENT=5 DEFAULT CHARSET=utf8mb4 COLLATE=utf8mb4_0900_ai_ci;
/*!40101 SET character_set_client = @saved_cs_client */;

--
-- Dumping data for table `comment`
--

LOCK TABLES `comment` WRITE;
/*!40000 ALTER TABLE `comment` DISABLE KEYS */;
INSERT INTO `comment` VALUES (1,'2021-12-18 09:21:53','Sạch sẽ, rất thoải mái','Tuyệt vời','590e451b376f68e7cb4deb9d0ea61c4b',10),(2,'2021-12-18 09:22:01','Sạch sẽ, rất thoải mái','Tuyệt vời','590e451b376f68e7cb4deb9d0ea61c4b',10),(3,'2021-12-18 09:25:26','Sạch sẽ, rất thoải mái','Tuyệt vời','590e451b376f68e7cb4deb9d0ea61c4b',10),(4,'2021-12-18 09:26:38','Sạch sẽ, rất thoải mái','Tuyệt vời','590e451b376f68e7cb4deb9d0ea61c4b',10);
/*!40000 ALTER TABLE `comment` ENABLE KEYS */;
UNLOCK TABLES;

--
-- Table structure for table `hotel`
--

DROP TABLE IF EXISTS `hotel`;
/*!40101 SET @saved_cs_client     = @@character_set_client */;
/*!50503 SET character_set_client = utf8mb4 */;
CREATE TABLE `hotel` (
  `hotel_id` varchar(127) NOT NULL,
  `active` bit(1) DEFAULT NULL,
  `description` varchar(255) DEFAULT NULL,
  `email` varchar(255) DEFAULT NULL,
  `name` varchar(255) DEFAULT NULL,
  `phone_number` varchar(255) DEFAULT NULL,
  `place` varchar(255) DEFAULT NULL,
  `star` int DEFAULT NULL,
  `province_id` int DEFAULT NULL,
  `user_id` int NOT NULL,
  PRIMARY KEY (`hotel_id`),
  KEY `FKbln11krf1ir024jn1igjy1h0` (`province_id`),
  KEY `FKi0j3nnn6eecin1ry6cujioqq2` (`user_id`)
) ENGINE=MyISAM AUTO_INCREMENT=873 DEFAULT CHARSET=utf8mb4 COLLATE=utf8mb4_0900_ai_ci;
/*!40101 SET character_set_client = @saved_cs_client */;

--
-- Dumping data for table `hotel`
--

LOCK TABLES `hotel` WRITE;
/*!40000 ALTER TABLE `hotel` DISABLE KEYS */;
INSERT INTO `hotel` VALUES ('b5ba1eec73becd09aa9637ada370145a',NULL,NULL,NULL,NULL,NULL,NULL,NULL,NULL,6),('8b31fad882c81fa32e01168d8ec06ea2',NULL,NULL,NULL,NULL,NULL,NULL,NULL,NULL,6),('590e451b376f68e7cb4deb9d0ea61c4b',NULL,NULL,NULL,NULL,NULL,NULL,NULL,NULL,6),('12bf78e62e57f1e3dc398571d44888db',NULL,NULL,NULL,NULL,NULL,NULL,NULL,NULL,6),('283cf107a78ea02aa6d57970244f7eae',NULL,NULL,NULL,NULL,NULL,NULL,NULL,NULL,6),('b3409fc75b6aa95efc972a4adac9bee4',NULL,NULL,NULL,NULL,NULL,NULL,NULL,NULL,6),('f70421f1a82ca5fa88cd386885b3845e',NULL,NULL,NULL,NULL,NULL,NULL,NULL,NULL,6),('dce32f2b112239eba86b0f5aba45d95b',NULL,NULL,NULL,NULL,NULL,NULL,NULL,NULL,6),('e2ef463a9300e7988c4c74a3109016e4',NULL,NULL,NULL,NULL,NULL,NULL,NULL,NULL,6),('9d91012a3314981c49001e1b8694cacf',NULL,NULL,NULL,NULL,NULL,NULL,NULL,NULL,6),('7b8b575e4f16f548e11f6bfee1cca89f',NULL,NULL,NULL,NULL,NULL,NULL,NULL,NULL,6),('b4545207f38083db13e7c045c2fb0bae',NULL,NULL,NULL,NULL,NULL,NULL,NULL,NULL,6),('1ba44012f56d2b9e260bd217dfffdbfe',NULL,NULL,NULL,NULL,NULL,NULL,NULL,NULL,6),('5a930976e33b67b52c288a920fefca66',NULL,NULL,NULL,NULL,NULL,NULL,NULL,NULL,6),('7af56b348d3d6aa9f8b5a3615f6b4a9f',NULL,NULL,NULL,NULL,NULL,NULL,NULL,NULL,6),('3723809a5e81e89b91b2ee0f11ddf696',NULL,NULL,NULL,NULL,NULL,NULL,NULL,NULL,6),('270ec8d17f188fd402edbfd30069badc',NULL,NULL,NULL,NULL,NULL,NULL,NULL,NULL,6),('056d45173d68d7b102372d7568982baf',NULL,NULL,NULL,NULL,NULL,NULL,NULL,NULL,6),('425b890ed6295f58d4f619730b08062c',NULL,NULL,NULL,NULL,NULL,NULL,NULL,NULL,6),('5a20468194b3f9c9712bc1d17d8ebc07',NULL,NULL,NULL,NULL,NULL,NULL,NULL,NULL,6),('00cd9df086cae3226d31732ab8a1fa76',NULL,NULL,NULL,NULL,NULL,NULL,NULL,NULL,6),('ea65ec57805dfcc7eea391973f4d6cca',NULL,NULL,NULL,NULL,NULL,NULL,NULL,NULL,6),('5af497bb454395c996bc228b6f9dce47',NULL,NULL,NULL,NULL,NULL,NULL,NULL,NULL,6),('16f7b57f2d2a476810c706858e77b556',NULL,NULL,NULL,NULL,NULL,NULL,NULL,NULL,6),('b1d01c32cb0756980fef9de9f694994c',NULL,NULL,NULL,NULL,NULL,NULL,NULL,NULL,6),('dba8a7c291debc59730270269483bcd2',NULL,NULL,NULL,NULL,NULL,NULL,NULL,NULL,6),('98e0438a2ff427b312429f3cb2b8464f',NULL,NULL,NULL,NULL,NULL,NULL,NULL,NULL,6),('b6f0bac18556792cca8d0196e609eaff',NULL,NULL,NULL,NULL,NULL,NULL,NULL,NULL,6),('b206d3786d8fc6cf244164865f5b86b5',NULL,NULL,NULL,NULL,NULL,NULL,NULL,NULL,6),('86715d10933ea4a371b2440389d069a8',NULL,NULL,NULL,NULL,NULL,NULL,NULL,NULL,6),('529a78a0e3d6cb4b586ae5ab40220bc8',NULL,NULL,NULL,NULL,NULL,NULL,NULL,NULL,6),('3f182948007527086315fe5fc1dfb99a',NULL,NULL,NULL,NULL,NULL,NULL,NULL,NULL,6),('1e2b848f0eed592ff028511e00bc7195',NULL,NULL,NULL,NULL,NULL,NULL,NULL,NULL,6),('50bb7ab3dd9e7625c99a2fb0d16d3b83',NULL,NULL,NULL,NULL,NULL,NULL,NULL,NULL,6),('da36e74d0406dd1c81dd25301205447f',NULL,NULL,NULL,NULL,NULL,NULL,NULL,NULL,6),('264b4be1576968ef7eb4ce266692908f',NULL,NULL,NULL,NULL,NULL,NULL,NULL,NULL,6),('9845e7fc092bcc91db08d7e73f04855a',NULL,NULL,NULL,NULL,NULL,NULL,NULL,NULL,6),('796ca72ca107b9343a7107ed8db28327',NULL,NULL,NULL,NULL,NULL,NULL,NULL,NULL,6),('6e231b6c5e2fec54b240a6dcaeff9d06',NULL,NULL,NULL,NULL,NULL,NULL,NULL,NULL,6),('4bb4cb42eb8f57c216c8d4820d0a08d6',NULL,NULL,NULL,NULL,NULL,NULL,NULL,NULL,6),('75954fecb2389efd9ee5f2f41e3a9072',NULL,NULL,NULL,NULL,NULL,NULL,NULL,NULL,6),('0fdee565990dbe9696870208bd6b6791',NULL,NULL,NULL,NULL,NULL,NULL,NULL,NULL,6),('6c4dee2d6201e83b07f97e3970e62d3f',NULL,NULL,NULL,NULL,NULL,NULL,NULL,NULL,6),('2c908293161bd8ccfa5c78a5f0bb7e30',NULL,NULL,NULL,NULL,NULL,NULL,NULL,NULL,6),('f3b686ea40077265018c3c52611c812c',NULL,NULL,NULL,NULL,NULL,NULL,NULL,NULL,6),('bb52aa3cfdf7247ea4d50ac392c3d727',NULL,NULL,NULL,NULL,NULL,NULL,NULL,NULL,6),('9b56d14315c4a1a4332fa75b7c285a53',NULL,NULL,NULL,NULL,NULL,NULL,NULL,NULL,6),('fde4ade0c2f852ee982c7082c0ae246a',NULL,NULL,NULL,NULL,NULL,NULL,NULL,NULL,6),('34ae0faf027b7fe2b364f1a6da23f80b',NULL,NULL,NULL,NULL,NULL,NULL,NULL,NULL,6),('df57d4138895d0674bc9a8cb2c06f759',NULL,NULL,NULL,NULL,NULL,NULL,NULL,NULL,6),('050bedee0b94b21b5b3bb359e24227a1',NULL,NULL,NULL,NULL,NULL,NULL,NULL,NULL,6),('8acfe77ee206cf138d64cfac944687a5',NULL,NULL,NULL,NULL,NULL,NULL,NULL,NULL,6),('1869fa6b2ca71fd796536a434e2c5afd',NULL,NULL,NULL,NULL,NULL,NULL,NULL,NULL,6),('869b9712895876b46a0f34552e9dbe09',NULL,NULL,NULL,NULL,NULL,NULL,NULL,NULL,6),('f13356f9a55aab57389e08701101d71a',NULL,NULL,NULL,NULL,NULL,NULL,NULL,NULL,6),('cd9fe8dab2a9c4b8ded4daa4289cf5b5',NULL,NULL,NULL,NULL,NULL,NULL,NULL,NULL,6),('c262bddf86e34d120ad5ddaf8773a478',NULL,NULL,NULL,NULL,NULL,NULL,NULL,NULL,6),('4b78d353efd10824abd93905f2538e63',NULL,NULL,NULL,NULL,NULL,NULL,NULL,NULL,6),('88a10e959550c04b90b5eb3e1beabce8',NULL,NULL,NULL,NULL,NULL,NULL,NULL,NULL,6),('f7b16d1e4f293b59f39255486647ea68',NULL,NULL,NULL,NULL,NULL,NULL,NULL,NULL,6),('5ceafa1c1e9e1a0cfe6f2d62ade3b86d',NULL,NULL,NULL,NULL,NULL,NULL,NULL,NULL,6),('8961a94525ce567006cf29e1f9ee9dd1',NULL,NULL,NULL,NULL,NULL,NULL,NULL,NULL,6),('ba915936a27ea8efeab17bee00532fbe',NULL,NULL,NULL,NULL,NULL,NULL,NULL,NULL,6),('9eac9e6a6e9584ff6256408ed967a2fa',NULL,NULL,NULL,NULL,NULL,NULL,NULL,NULL,6),('a507264ed377736087e9e9c1cf44eda9',NULL,NULL,NULL,NULL,NULL,NULL,NULL,NULL,6),('233a1384504ba60519c5979548001685',NULL,NULL,NULL,NULL,NULL,NULL,NULL,NULL,6),('c951d39abb8653661a186f8e0784689a',NULL,NULL,NULL,NULL,NULL,NULL,NULL,NULL,6),('9413ae64677092956c99d99b158b443a',NULL,NULL,NULL,NULL,NULL,NULL,NULL,NULL,6),('d6f6323bb6f00664c1bf02cadf40f987',NULL,NULL,NULL,NULL,NULL,NULL,NULL,NULL,6),('b46ccf01498f32d9fd3b2712771dcdab',NULL,NULL,NULL,NULL,NULL,NULL,NULL,NULL,6),('efe408375d344155602afb2948fd87ba',NULL,NULL,NULL,NULL,NULL,NULL,NULL,NULL,6),('8b69a42c511bef9a0052c9a2cf79418b',NULL,NULL,NULL,NULL,NULL,NULL,NULL,NULL,6),('f7fd8f38367a719b6c6b0f5265f037aa',NULL,NULL,NULL,NULL,NULL,NULL,NULL,NULL,6),('2c297a503e3857336188627cdb744f17',NULL,NULL,NULL,NULL,NULL,NULL,NULL,NULL,6),('5bd0aa06bd8386e79acc2674417667a1',NULL,NULL,NULL,NULL,NULL,NULL,NULL,NULL,6),('2adb535dbd528516e40c398f7dbf60a4',NULL,NULL,NULL,NULL,NULL,NULL,NULL,NULL,6),('6bea6c93e1f464c0e287928fbb8610bf',NULL,NULL,NULL,NULL,NULL,NULL,NULL,NULL,6),('a6145c50ecf91ec75f6c2708dee63eb4',NULL,NULL,NULL,NULL,NULL,NULL,NULL,NULL,6),('df5843bb52d41cdf85699031e1f4f65f',NULL,NULL,NULL,NULL,NULL,NULL,NULL,NULL,6),('a8227274304299b92be442d5071f997c',NULL,NULL,NULL,NULL,NULL,NULL,NULL,NULL,6),('7a7c9bf8ed0951828ce09c9a5781b28d',NULL,NULL,NULL,NULL,NULL,NULL,NULL,NULL,6),('6c249d3df746a0758130dec2f7404068',NULL,NULL,NULL,NULL,NULL,NULL,NULL,NULL,6),('655698ce0029bf71d91b8cbf36a2f22f',NULL,NULL,NULL,NULL,NULL,NULL,NULL,NULL,6),('5741b81074c507fa98a4f91f19932f52',NULL,NULL,NULL,NULL,NULL,NULL,NULL,NULL,6),('b5cf722ff38cdc34817c4f72db39edc9',NULL,NULL,NULL,NULL,NULL,NULL,NULL,NULL,6),('05e84de410b525937603759b85dc027c',NULL,NULL,NULL,NULL,NULL,NULL,NULL,NULL,6),('cd13e06b85917ce4bf3a5967c4b733c3',NULL,NULL,NULL,NULL,NULL,NULL,NULL,NULL,6),('67a7f985beb76e73889214422ec87f13',NULL,NULL,NULL,NULL,NULL,NULL,NULL,NULL,6),('100cc6d88fb63d538af9d4781d528d64',NULL,NULL,NULL,NULL,NULL,NULL,NULL,NULL,6),('cfb76dfc1baec5c36df8cc00c5ce4b5e',NULL,NULL,NULL,NULL,NULL,NULL,NULL,NULL,6),('114e5f6277cff8cf4fd960b62140b49f',NULL,NULL,NULL,NULL,NULL,NULL,NULL,NULL,6),('86170305592de0b69723d12cdec3a6b8',NULL,NULL,NULL,NULL,NULL,NULL,NULL,NULL,6),('155daec41c3f17e7bc814cb387a4431b',NULL,NULL,NULL,NULL,NULL,NULL,NULL,NULL,6),('bd18182175732730e15c13a43046bdb5',NULL,NULL,NULL,NULL,NULL,NULL,NULL,NULL,6),('b89378b1c99ece5002f61965a8e96587',NULL,NULL,NULL,NULL,NULL,NULL,NULL,NULL,6),('fad7b7aa2980dc28c83e514e7c8b51e0',NULL,NULL,NULL,NULL,NULL,NULL,NULL,NULL,6),('792bebb0b17cf60bb8cbe95e2e63c565',NULL,NULL,NULL,NULL,NULL,NULL,NULL,NULL,6),('1112d5422062c399f9529d2f50254da2',NULL,NULL,NULL,NULL,NULL,NULL,NULL,NULL,6),('9e482b8bd80321bed927cf807208cd7e',NULL,NULL,NULL,NULL,NULL,NULL,NULL,NULL,6),('497d4f062b652ac91ed4b72b8d957707',NULL,NULL,NULL,NULL,NULL,NULL,NULL,NULL,7),('c4547983be58bc9a09aa8fb2df6c3bf0',NULL,NULL,NULL,NULL,NULL,NULL,NULL,NULL,7),('bbcf065dfd64e8ebc2001b54bfa476cf',NULL,NULL,NULL,NULL,NULL,NULL,NULL,NULL,7),('608cae6b009e998d5b3a4b42010eb572',NULL,NULL,NULL,NULL,NULL,NULL,NULL,NULL,7),('9184d762c20769e19e7bef752d47350f',NULL,NULL,NULL,NULL,NULL,NULL,NULL,NULL,7),('b25e879f53f1858cc3fc788a80ae07e3',NULL,NULL,NULL,NULL,NULL,NULL,NULL,NULL,7),('6b4075ebefeedfbdd445164f6cbaeb0c',NULL,NULL,NULL,NULL,NULL,NULL,NULL,NULL,7),('ef751dc17cff84699e285656d860066a',NULL,NULL,NULL,NULL,NULL,NULL,NULL,NULL,7),('8f7d2d63f43cbd0c98e628b4297f7b47',NULL,NULL,NULL,NULL,NULL,NULL,NULL,NULL,7),('b52f5f9f744221380bf0dd9218082f6a',NULL,NULL,NULL,NULL,NULL,NULL,NULL,NULL,7),('926ae6a900d55e22abca2efbfbab0a06',NULL,NULL,NULL,NULL,NULL,NULL,NULL,NULL,7),('a648f7511a177a33c6b7a3ffaead9770',NULL,NULL,NULL,NULL,NULL,NULL,NULL,NULL,7),('b1618a60a45343706cbf56cdf68113a2',NULL,NULL,NULL,NULL,NULL,NULL,NULL,NULL,7),('2c30cfc87db57564b0fa4b85abc9152c',NULL,NULL,NULL,NULL,NULL,NULL,NULL,NULL,7),('baf4599ce328d61cd184c5c820bdf410',NULL,NULL,NULL,NULL,NULL,NULL,NULL,NULL,7),('19bed6f0a900089fe1317a14b41c1586',NULL,NULL,NULL,NULL,NULL,NULL,NULL,NULL,7),('a4d384745a913680270a3505c187e523',NULL,NULL,NULL,NULL,NULL,NULL,NULL,NULL,7),('648262c84a90053cdab654d22f25fe99',NULL,NULL,NULL,NULL,NULL,NULL,NULL,NULL,7),('177346efc8bebc79f41798841fc8ea20',NULL,NULL,NULL,NULL,NULL,NULL,NULL,NULL,7),('72eecc9f724b1de6dab441d14e1dd453',NULL,NULL,NULL,NULL,NULL,NULL,NULL,NULL,7),('3044df03d68bbe499d671984aec7d0ee',NULL,NULL,NULL,NULL,NULL,NULL,NULL,NULL,7),('28ca8c98818a409c957f4721434db974',NULL,NULL,NULL,NULL,NULL,NULL,NULL,NULL,7),('1cb34ddfaef37c52cc34518915fe3da7',NULL,NULL,NULL,NULL,NULL,NULL,NULL,NULL,7),('ac2ede658db4caa7f0dbddf925804a22',NULL,NULL,NULL,NULL,NULL,NULL,NULL,NULL,7),('62754cc542bc49341703f011c96e9b41',NULL,NULL,NULL,NULL,NULL,NULL,NULL,NULL,7),('f367517b9c2893e903e8a88af0139fe3',NULL,NULL,NULL,NULL,NULL,NULL,NULL,NULL,7),('14465429939d9d4ec56fd84c9dec2802',NULL,NULL,NULL,NULL,NULL,NULL,NULL,NULL,7),('cdad4706fa820b229bb5ab3f68abe4c7',NULL,NULL,NULL,NULL,NULL,NULL,NULL,NULL,7),('a1c917949594d4f6725f1d9ccd3e5733',NULL,NULL,NULL,NULL,NULL,NULL,NULL,NULL,7),('91b34836d7b0f716e937efa47b8f696d',NULL,NULL,NULL,NULL,NULL,NULL,NULL,NULL,7),('36c993435fc8fd7bddbe781adc9e60cd',NULL,NULL,NULL,NULL,NULL,NULL,NULL,NULL,7),('b85124841d6678dc808e8b2829da049d',NULL,NULL,NULL,NULL,NULL,NULL,NULL,NULL,7),('c7d7b6d0408da0f6a6bdeaddd3c8a5ae',NULL,NULL,NULL,NULL,NULL,NULL,NULL,NULL,7),('de8b9041c149bff1bccd7ca475b78371',NULL,NULL,NULL,NULL,NULL,NULL,NULL,NULL,7),('bbd18ec8b211839e50b5b48a16ebe557',NULL,NULL,NULL,NULL,NULL,NULL,NULL,NULL,7),('8a59d68bc0a0623f1ce7392e6f2c88d6',NULL,NULL,NULL,NULL,NULL,NULL,NULL,NULL,7),('ae9c42ba904eef0850be20529571b779',NULL,NULL,NULL,NULL,NULL,NULL,NULL,NULL,7),('8c9a2ea2b14cf30ca37de29b84ec6948',NULL,NULL,NULL,NULL,NULL,NULL,NULL,NULL,7),('80c7eb58b24195c5ae23dff071a970e7',NULL,NULL,NULL,NULL,NULL,NULL,NULL,NULL,7),('8330de38bc575724aa53406a7bc42e4c',NULL,NULL,NULL,NULL,NULL,NULL,NULL,NULL,7),('94c72e72259ad8f48619f3b6cac35585',NULL,NULL,NULL,NULL,NULL,NULL,NULL,NULL,7),('2d8f7eedce1502f1b7b14a10fea7c802',NULL,NULL,NULL,NULL,NULL,NULL,NULL,NULL,7),('de1c7b82b7db057d5465d7ffa35bd032',NULL,NULL,NULL,NULL,NULL,NULL,NULL,NULL,7),('973a966539d04d895bf1d0715f12f451',NULL,NULL,NULL,NULL,NULL,NULL,NULL,NULL,7),('dcd89f467b8562c5f1c110cdf7e146a8',NULL,NULL,NULL,NULL,NULL,NULL,NULL,NULL,7),('b21c28dba0918df503a72fa4897e534c',NULL,NULL,NULL,NULL,NULL,NULL,NULL,NULL,7),('0e045d949344d856161b55e35942ae76',NULL,NULL,NULL,NULL,NULL,NULL,NULL,NULL,7),('cbb9323319de48dcf25449500795f302',NULL,NULL,NULL,NULL,NULL,NULL,NULL,NULL,7),('e9e3dd84ec5e3a0ddf3d2d492b16b3d2',NULL,NULL,NULL,NULL,NULL,NULL,NULL,NULL,7),('c95d4e7babc23677962524abbc8f05ab',NULL,NULL,NULL,NULL,NULL,NULL,NULL,NULL,7),('2e5737759ed01193c0d3586fad8f1b4a',NULL,NULL,NULL,NULL,NULL,NULL,NULL,NULL,7),('b342e6b4e9a5bfa6960191f2754c6743',NULL,NULL,NULL,NULL,NULL,NULL,NULL,NULL,7),('6471d35565fc219b14d0997693c0c62f',NULL,NULL,NULL,NULL,NULL,NULL,NULL,NULL,7),('3df5fcb96f6ba3019df9d539206ab3c1',NULL,NULL,NULL,NULL,NULL,NULL,NULL,NULL,7),('0c69ab0ac5eacd9133b06f21f58a77fc',NULL,NULL,NULL,NULL,NULL,NULL,NULL,NULL,7),('09c46513f12394237fbc6661c006916f',NULL,NULL,NULL,NULL,NULL,NULL,NULL,NULL,7),('3ea9271e229404171ea832f0514e186f',NULL,NULL,NULL,NULL,NULL,NULL,NULL,NULL,7),('65296301b1c91f336747f41c0bc89330',NULL,NULL,NULL,NULL,NULL,NULL,NULL,NULL,7),('555aec4a72e2827b4dfd4cf56169c54f',NULL,NULL,NULL,NULL,NULL,NULL,NULL,NULL,7),('d4b81da5d6b75340bebd63db843cf5ba',NULL,NULL,NULL,NULL,NULL,NULL,NULL,NULL,7),('5c99b3edfcb269ae708c582611c5f2e3',NULL,NULL,NULL,NULL,NULL,NULL,NULL,NULL,7),('9f972ddb3cfe67145b079a1ecda7315c',NULL,NULL,NULL,NULL,NULL,NULL,NULL,NULL,7),('5fa7e60c20cda00d8ea7bc87a13a6118',NULL,NULL,NULL,NULL,NULL,NULL,NULL,NULL,7),('f2a14272a2fc808550d9d8c4434a9ff5',NULL,NULL,NULL,NULL,NULL,NULL,NULL,NULL,7),('07a1605778781737c0ab9fee8fb609ce',NULL,NULL,NULL,NULL,NULL,NULL,NULL,NULL,7),('502abaa8f03c2d9f5899368f6ea91f9b',NULL,NULL,NULL,NULL,NULL,NULL,NULL,NULL,7),('3313eb0fb6bb76b9d4580aff9391923e',NULL,NULL,NULL,NULL,NULL,NULL,NULL,NULL,7),('194ad3b493377721786699e342f828b1',NULL,NULL,NULL,NULL,NULL,NULL,NULL,NULL,7),('f004311ff44ccb89aeee483e2eed81fd',NULL,NULL,NULL,NULL,NULL,NULL,NULL,NULL,7),('f5a7bd6a1c7f9c86c450cb531f87f6f9',NULL,NULL,NULL,NULL,NULL,NULL,NULL,NULL,7),('c851432087478e80170fd6c89b644900',NULL,NULL,NULL,NULL,NULL,NULL,NULL,NULL,7),('2f73cf220e864ebc151d7f504de6b15f',NULL,NULL,NULL,NULL,NULL,NULL,NULL,NULL,7),('3d302da5e04a1d785e652c099415a48b',NULL,NULL,NULL,NULL,NULL,NULL,NULL,NULL,7),('ab6dcc5619b7c4ee0c416fec96b6171e',NULL,NULL,NULL,NULL,NULL,NULL,NULL,NULL,7),('c86785c6720b371fde62a7508c3b82fc',NULL,NULL,NULL,NULL,NULL,NULL,NULL,NULL,7),('b053f8ddce000ead9bd71a63e2b4997f',NULL,NULL,NULL,NULL,NULL,NULL,NULL,NULL,7),('fd71efa17eba0980c0d780dcc9e1b913',NULL,NULL,NULL,NULL,NULL,NULL,NULL,NULL,7),('f7d9f516eb053b8b96c0f8d90cc5fb78',NULL,NULL,NULL,NULL,NULL,NULL,NULL,NULL,7),('cf313c56674e884df9e44d25d06396df',NULL,NULL,NULL,NULL,NULL,NULL,NULL,NULL,7),('cb02bbcfd7e8ea2765b431f69bc81c67',NULL,NULL,NULL,NULL,NULL,NULL,NULL,NULL,7),('93d6fed0a5cf602354d898a67b98593b',NULL,NULL,NULL,NULL,NULL,NULL,NULL,NULL,7),('44e8bfdf13f12f268b96d9156338cdd9',NULL,NULL,NULL,NULL,NULL,NULL,NULL,NULL,7),('cb189b6d1622e257aaa512e365985f85',NULL,NULL,NULL,NULL,NULL,NULL,NULL,NULL,7),('a6a13fa71d2242f6ffe9b1c4f6b0ed49',NULL,NULL,NULL,NULL,NULL,NULL,NULL,NULL,7),('32d03f563a93a5204f145474da6de674',NULL,NULL,NULL,NULL,NULL,NULL,NULL,NULL,7),('c8dff14708ff3e599a82c73ac3ee2f6a',NULL,NULL,NULL,NULL,NULL,NULL,NULL,NULL,7),('a3b275fdf2ec5c25e5c393604c3d80fc',NULL,NULL,NULL,NULL,NULL,NULL,NULL,NULL,7),('495ddcb5d488bc8328f61de6c9b461e5',NULL,NULL,NULL,NULL,NULL,NULL,NULL,NULL,7),('8c17923dc6d4954e4f1c0276e5c82fad',NULL,NULL,NULL,NULL,NULL,NULL,NULL,NULL,7),('db5e64a2900005be1c6a91a2fc2a0ef4',NULL,NULL,NULL,NULL,NULL,NULL,NULL,NULL,7),('3a2e07e7c2dcf20b22daedc4b7b4eedf',NULL,NULL,NULL,NULL,NULL,NULL,NULL,NULL,7),('1669532319d419419497d2fb34747d00',NULL,NULL,NULL,NULL,NULL,NULL,NULL,NULL,7),('837c899e82185727b6a8160f4d471d2a',NULL,NULL,NULL,NULL,NULL,NULL,NULL,NULL,7),('c93bfb532044412c68487c28a895aca5',NULL,NULL,NULL,NULL,NULL,NULL,NULL,NULL,7),('b8fc1eeebed9b5f2bbe56d2e6da5d10e',NULL,NULL,NULL,NULL,NULL,NULL,NULL,NULL,7),('6121d010ff46e8b49270d3799dadb85f',NULL,NULL,NULL,NULL,NULL,NULL,NULL,NULL,7),('8db0b83e971cc8a941f76432c52e2e41',NULL,NULL,NULL,NULL,NULL,NULL,NULL,NULL,7),('557296377c87a3d90c026b5fb4751d1a',NULL,NULL,NULL,NULL,NULL,NULL,NULL,NULL,7),('9e4c1b69cf011617e691627469e6727b',NULL,NULL,NULL,NULL,NULL,NULL,NULL,NULL,7),('f0cd89f724fbb6cca335a926d7c55c68',NULL,NULL,NULL,NULL,NULL,NULL,NULL,NULL,7),('619281cbb9e32a86205935a897b9d10f',NULL,NULL,NULL,NULL,NULL,NULL,NULL,NULL,8),('780de00ae3341880005b1f6941e4affb',NULL,NULL,NULL,NULL,NULL,NULL,NULL,NULL,8),('9418a69d0746af63bbe5181fdebdcc27',NULL,NULL,NULL,NULL,NULL,NULL,NULL,NULL,8),('8e1484405ced900b50ee7572edb9cf8a',NULL,NULL,NULL,NULL,NULL,NULL,NULL,NULL,8),('b9d7ed26de1fa58f176ee8bee5645b99',NULL,NULL,NULL,NULL,NULL,NULL,NULL,NULL,8),('c9eb98708b256a9c0751608f13c65b6d',NULL,NULL,NULL,NULL,NULL,NULL,NULL,NULL,8),('48f12140359c6bc7b10d3c238972e55b',NULL,NULL,NULL,NULL,NULL,NULL,NULL,NULL,8),('f45507551a90f3d34dacef7381be3d72',NULL,NULL,NULL,NULL,NULL,NULL,NULL,NULL,8),('3421fea1a05db8cbe59b59f1cf98ba74',NULL,NULL,NULL,NULL,NULL,NULL,NULL,NULL,8),('c1c89a60faff81e996e55b06a23ef38f',NULL,NULL,NULL,NULL,NULL,NULL,NULL,NULL,8),('ba62efc3ffe6774b1fc1998f15e7fa9d',NULL,NULL,NULL,NULL,NULL,NULL,NULL,NULL,8),('c5a347b26d56b2dacbc424f4d6c9e984',NULL,NULL,NULL,NULL,NULL,NULL,NULL,NULL,8),('81eb42628ca24845e1689a4990011e6c',NULL,NULL,NULL,NULL,NULL,NULL,NULL,NULL,8),('79afb288c6a410007da8341d14a2c13e',NULL,NULL,NULL,NULL,NULL,NULL,NULL,NULL,8),('6e5eb31c61d96f51cd4de318dff1d72e',NULL,NULL,NULL,NULL,NULL,NULL,NULL,NULL,8),('d93720e544880028f2b9abb9ba6d80f3',NULL,NULL,NULL,NULL,NULL,NULL,NULL,NULL,8),('2356adcc8bcf80c1970d4d4e35f42ded',NULL,NULL,NULL,NULL,NULL,NULL,NULL,NULL,8),('dcec4238b6c65847f41bb3e5cb384d61',NULL,NULL,NULL,NULL,NULL,NULL,NULL,NULL,8),('39c0218ec6042ae0c930eee1a03e61ae',NULL,NULL,NULL,NULL,NULL,NULL,NULL,NULL,8),('79e4036319d00ddab3e79e9ad2d478ba',NULL,NULL,NULL,NULL,NULL,NULL,NULL,NULL,8),('581936cb3e30ced570e70dd22862ef80',NULL,NULL,NULL,NULL,NULL,NULL,NULL,NULL,8),('a187d8641d659f040bac2cfd46854a9a',NULL,NULL,NULL,NULL,NULL,NULL,NULL,NULL,8),('f498b8e5afc71c336a07c6f19e823c9f',NULL,NULL,NULL,NULL,NULL,NULL,NULL,NULL,8),('daffa45965307b33b4b942d62377894f',NULL,NULL,NULL,NULL,NULL,NULL,NULL,NULL,8),('b814c4c0c5daeeabf4f640bb9bb59cf6',NULL,NULL,NULL,NULL,NULL,NULL,NULL,NULL,8),('25de2b66cfc7d4c362372605ae69a0aa',NULL,NULL,NULL,NULL,NULL,NULL,NULL,NULL,8),('7c1517cb1d774308312a25ff785c3dbb',NULL,NULL,NULL,NULL,NULL,NULL,NULL,NULL,8),('1afd2f0bfab6aa868c991ada32940afb',NULL,NULL,NULL,NULL,NULL,NULL,NULL,NULL,8),('b6036ac07536d29a8742d4bf9029014f',NULL,NULL,NULL,NULL,NULL,NULL,NULL,NULL,8),('46956c8ef32633c7a7b4e445478d3784',NULL,NULL,NULL,NULL,NULL,NULL,NULL,NULL,8),('d65e32ba579ff8ae7fa5c38c50583913',NULL,NULL,NULL,NULL,NULL,NULL,NULL,NULL,8),('6fe2ce1970769d7556872249c154a3b3',NULL,NULL,NULL,NULL,NULL,NULL,NULL,NULL,8),('64a5178be8c07496cd7ca382a937b572',NULL,NULL,NULL,NULL,NULL,NULL,NULL,NULL,8),('d7facecfe56be28e272989f54e80559e',NULL,NULL,NULL,NULL,NULL,NULL,NULL,NULL,8),('489c39926b184267315fd97be6997914',NULL,NULL,NULL,NULL,NULL,NULL,NULL,NULL,8),('7db555ddfe386ade6d336d2f83849d8e',NULL,NULL,NULL,NULL,NULL,NULL,NULL,NULL,8),('85900be29324283c340a8ad27d339d8a',NULL,NULL,NULL,NULL,NULL,NULL,NULL,NULL,8),('cee44b4221ed9af6864f87e239f61bb1',NULL,NULL,NULL,NULL,NULL,NULL,NULL,NULL,8),('f70f5d9d113c072fb6073cca60a2763b',NULL,NULL,NULL,NULL,NULL,NULL,NULL,NULL,8),('f1982fda44cebde1419550c3cda8413b',NULL,NULL,NULL,NULL,NULL,NULL,NULL,NULL,8),('36014f74d05f6667fcad2b66f4b19812',NULL,NULL,NULL,NULL,NULL,NULL,NULL,NULL,8),('222d6cfa17e1027cb0a771aefbeb1ada',NULL,NULL,NULL,NULL,NULL,NULL,NULL,NULL,8),('c6c2908e41c6be3344277ef58f3a13af',NULL,NULL,NULL,NULL,NULL,NULL,NULL,NULL,8),('edd5f3d84fe37fd6d1d59c8bf4208901',NULL,NULL,NULL,NULL,NULL,NULL,NULL,NULL,8),('488294d3887533faaba410a509e490db',NULL,NULL,NULL,NULL,NULL,NULL,NULL,NULL,8),('4ec74e381adf74a9affdbec4fedff2b1',NULL,NULL,NULL,NULL,NULL,NULL,NULL,NULL,8),('322e01defb4a86d2f7870a1b54c9f38c',NULL,NULL,NULL,NULL,NULL,NULL,NULL,NULL,8),('7d5d54e0f0d8b7b9b11179a2ec9f05b0',NULL,NULL,NULL,NULL,NULL,NULL,NULL,NULL,8),('5e8eed508d3c2b403f9fff22d3073d48',NULL,NULL,NULL,NULL,NULL,NULL,NULL,NULL,8),('cbd6bb041986fb79f118d5753d9906fb',NULL,NULL,NULL,NULL,NULL,NULL,NULL,NULL,8),('16297c2d21c382da865bc2a94c9165bf',NULL,NULL,NULL,NULL,NULL,NULL,NULL,NULL,8),('b69ec084e7ea3483280027bb752190dc',NULL,NULL,NULL,NULL,NULL,NULL,NULL,NULL,8),('3b34e1d356dd2eb215f217587bad44ef',NULL,NULL,NULL,NULL,NULL,NULL,NULL,NULL,8),('deef5a6441037c158a291e16c9f502a7',NULL,NULL,NULL,NULL,NULL,NULL,NULL,NULL,8),('3d86d259af78fab079c9c46b92921744',NULL,NULL,NULL,NULL,NULL,NULL,NULL,NULL,8),('6821271e7e38b2766335543d651837d1',NULL,NULL,NULL,NULL,NULL,NULL,NULL,NULL,8),('840db71fdf072b4bfb5179fbf0b570d6',NULL,NULL,NULL,NULL,NULL,NULL,NULL,NULL,8),('1b6247dc62b8f421673507dc135ff1cc',NULL,NULL,NULL,NULL,NULL,NULL,NULL,NULL,8),('1af65197781a76637dc54c821c1838bf',NULL,NULL,NULL,NULL,NULL,NULL,NULL,NULL,8),('0d8af62d21afd499c60163ba249985fa',NULL,NULL,NULL,NULL,NULL,NULL,NULL,NULL,8),('46a90fe9dd98fb1856d575d8ac8e2874',NULL,NULL,NULL,NULL,NULL,NULL,NULL,NULL,8),('941a9add03229a71998a6f44eb287640',NULL,NULL,NULL,NULL,NULL,NULL,NULL,NULL,8),('80deb87c596b1f8ce97bd945f33b9812',NULL,NULL,NULL,NULL,NULL,NULL,NULL,NULL,8),('445141710e57cd84e456b7da842fa75d',NULL,NULL,NULL,NULL,NULL,NULL,NULL,NULL,8),('f1a4e87ec191cbfb8353d5e42419f1e4',NULL,NULL,NULL,NULL,NULL,NULL,NULL,NULL,8),('4f65858235d817f8d5f2874d48005a84',NULL,NULL,NULL,NULL,NULL,NULL,NULL,NULL,8),('40137f4252c6b7f5fcfb5f59fd5f3c26',NULL,NULL,NULL,NULL,NULL,NULL,NULL,NULL,8),('94fd0f0191f183dadc7fb344e6bf0b72',NULL,NULL,NULL,NULL,NULL,NULL,NULL,NULL,8),('9847771205a3847855090d0fe13a6761',NULL,NULL,NULL,NULL,NULL,NULL,NULL,NULL,8),('25b19b529f51f74eab92c4e23d064036',NULL,NULL,NULL,NULL,NULL,NULL,NULL,NULL,8),('8ae3b9e0d8b4f3a6b70687d7ab01c076',NULL,NULL,NULL,NULL,NULL,NULL,NULL,NULL,8),('e68534864c97388210a895171a32b351',NULL,NULL,NULL,NULL,NULL,NULL,NULL,NULL,8),('233ae88820f08bea08856f82c9715c0c',NULL,NULL,NULL,NULL,NULL,NULL,NULL,NULL,8),('bf8aaf65ee165fb32afab9e4cc4cebd3',NULL,NULL,NULL,NULL,NULL,NULL,NULL,NULL,8),('3bec79904af94384d3f40449737a574c',NULL,NULL,NULL,NULL,NULL,NULL,NULL,NULL,8),('cb4edb0d7f56c968b0c12572ce01c3d7',NULL,NULL,NULL,NULL,NULL,NULL,NULL,NULL,8),('217c48b55aa8cffa65655d17ac4d8849',NULL,NULL,NULL,NULL,NULL,NULL,NULL,NULL,8),('11cc860694798b9948bada8805e06747',NULL,NULL,NULL,NULL,NULL,NULL,NULL,NULL,8),('174fe0090eeb1443715fc6b438aa80c0',NULL,NULL,NULL,NULL,NULL,NULL,NULL,NULL,8),('bac00bc6f6b471a9bc661b007eac0476',NULL,NULL,NULL,NULL,NULL,NULL,NULL,NULL,8),('0563d3a7515098257787de63e97915ee',NULL,NULL,NULL,NULL,NULL,NULL,NULL,NULL,8),('8d011a1e387029d2b06d1c40d461edfb',NULL,NULL,NULL,NULL,NULL,NULL,NULL,NULL,8),('b6636f3cdfa3068c2a72f1034400c5d3',NULL,NULL,NULL,NULL,NULL,NULL,NULL,NULL,8),('bbab7bd466d3872474e53e910b803632',NULL,NULL,NULL,NULL,NULL,NULL,NULL,NULL,8),('7955e38a47176af0ddcc39014185f4d0',NULL,NULL,NULL,NULL,NULL,NULL,NULL,NULL,8),('e8161e53f7d47c66681bc2a21e5a782b',NULL,NULL,NULL,NULL,NULL,NULL,NULL,NULL,8),('afa51570fe99f3c1842579e4253401c5',NULL,NULL,NULL,NULL,NULL,NULL,NULL,NULL,8);
/*!40000 ALTER TABLE `hotel` ENABLE KEYS */;
UNLOCK TABLES;

--
-- Table structure for table `hotel_img`
--

DROP TABLE IF EXISTS `hotel_img`;
/*!40101 SET @saved_cs_client     = @@character_set_client */;
/*!50503 SET character_set_client = utf8mb4 */;
CREATE TABLE `hotel_img` (
  `hotel_img_id` int NOT NULL AUTO_INCREMENT,
  `image` varchar(255) DEFAULT NULL,
  `hotel_id` int NOT NULL,
  PRIMARY KEY (`hotel_img_id`),
  KEY `FKdbgdxmbk6egxalo596cbvs35g` (`hotel_id`)
) ENGINE=MyISAM DEFAULT CHARSET=utf8mb4 COLLATE=utf8mb4_0900_ai_ci;
/*!40101 SET character_set_client = @saved_cs_client */;

--
-- Dumping data for table `hotel_img`
--

LOCK TABLES `hotel_img` WRITE;
/*!40000 ALTER TABLE `hotel_img` DISABLE KEYS */;
/*!40000 ALTER TABLE `hotel_img` ENABLE KEYS */;
UNLOCK TABLES;

--
-- Table structure for table `notification`
--

DROP TABLE IF EXISTS `notification`;
/*!40101 SET @saved_cs_client     = @@character_set_client */;
/*!50503 SET character_set_client = utf8mb4 */;
CREATE TABLE `notification` (
  `notificaton_id` int NOT NULL AUTO_INCREMENT,
  `time` datetime DEFAULT NULL,
  `content` varchar(255) DEFAULT NULL,
  `title` varchar(255) DEFAULT NULL,
  `user_id` int NOT NULL,
  PRIMARY KEY (`notificaton_id`),
  KEY `FKb0yvoep4h4k92ipon31wmdf7e` (`user_id`)
) ENGINE=MyISAM DEFAULT CHARSET=utf8mb4 COLLATE=utf8mb4_0900_ai_ci;
/*!40101 SET character_set_client = @saved_cs_client */;

--
-- Dumping data for table `notification`
--

LOCK TABLES `notification` WRITE;
/*!40000 ALTER TABLE `notification` DISABLE KEYS */;
/*!40000 ALTER TABLE `notification` ENABLE KEYS */;
UNLOCK TABLES;

--
-- Table structure for table `partner`
--

DROP TABLE IF EXISTS `partner`;
/*!40101 SET @saved_cs_client     = @@character_set_client */;
/*!50503 SET character_set_client = utf8mb4 */;
CREATE TABLE `partner` (
  `user_id` int NOT NULL AUTO_INCREMENT,
  `active` bit(1) DEFAULT NULL,
  `avatar` varchar(255) DEFAULT NULL,
  `email` varchar(255) DEFAULT NULL,
  `fullname` varchar(255) DEFAULT NULL,
  `password` varchar(255) DEFAULT NULL,
  `phone_number` varchar(255) DEFAULT NULL,
  `username` varchar(255) DEFAULT NULL,
  PRIMARY KEY (`user_id`)
) ENGINE=MyISAM DEFAULT CHARSET=utf8mb4 COLLATE=utf8mb4_0900_ai_ci;
/*!40101 SET character_set_client = @saved_cs_client */;

--
-- Dumping data for table `partner`
--

LOCK TABLES `partner` WRITE;
/*!40000 ALTER TABLE `partner` DISABLE KEYS */;
/*!40000 ALTER TABLE `partner` ENABLE KEYS */;
UNLOCK TABLES;

--
-- Table structure for table `province`
--

DROP TABLE IF EXISTS `province`;
/*!40101 SET @saved_cs_client     = @@character_set_client */;
/*!50503 SET character_set_client = utf8mb4 */;
CREATE TABLE `province` (
  `province_id` int NOT NULL AUTO_INCREMENT,
  `name` varchar(255) DEFAULT NULL,
  PRIMARY KEY (`province_id`)
) ENGINE=MyISAM DEFAULT CHARSET=utf8mb4 COLLATE=utf8mb4_0900_ai_ci;
/*!40101 SET character_set_client = @saved_cs_client */;

--
-- Dumping data for table `province`
--

LOCK TABLES `province` WRITE;
/*!40000 ALTER TABLE `province` DISABLE KEYS */;
/*!40000 ALTER TABLE `province` ENABLE KEYS */;
UNLOCK TABLES;

--
-- Table structure for table `reservation`
--

DROP TABLE IF EXISTS `reservation`;
/*!40101 SET @saved_cs_client     = @@character_set_client */;
/*!50503 SET character_set_client = utf8mb4 */;
CREATE TABLE `reservation` (
  `reservation_id` int NOT NULL AUTO_INCREMENT,
  `adults` int DEFAULT NULL,
  `children` int DEFAULT NULL,
  `date_checkin` datetime DEFAULT NULL,
  `date_checkout` datetime DEFAULT NULL,
  `pay` int DEFAULT NULL,
  `room_id` varchar(127) NOT NULL,
  `user_id` int NOT NULL,
  `status` int DEFAULT NULL,
  PRIMARY KEY (`reservation_id`),
  KEY `FKm8xumi0g23038cw32oiva2ymw` (`room_id`),
  KEY `FKm4oimk0l1757o9pwavorj6ljg` (`user_id`)
) ENGINE=MyISAM AUTO_INCREMENT=7 DEFAULT CHARSET=utf8mb4 COLLATE=utf8mb4_0900_ai_ci;
/*!40101 SET character_set_client = @saved_cs_client */;

--
-- Dumping data for table `reservation`
--

LOCK TABLES `reservation` WRITE;
/*!40000 ALTER TABLE `reservation` DISABLE KEYS */;
INSERT INTO `reservation` VALUES (1,NULL,NULL,'2021-12-17 00:00:00','2021-12-18 00:00:00',NULL,'0ebad8383bb94068d794f62b40f264e0',10,0),(2,NULL,NULL,'2021-12-17 00:00:00','2021-12-18 00:00:00',NULL,'0ebad8383bb94068d794f62b40f264e0',10,1),(3,NULL,NULL,'2021-12-17 00:00:00','2021-12-18 00:00:00',NULL,'0ebad8383bb94068d794f62b40f264e0',10,1),(4,NULL,NULL,'2021-12-17 00:00:00','2021-12-18 00:00:00',NULL,'0ebad8383bb94068d794f62b40f264e0',10,1),(5,NULL,NULL,'2021-12-17 00:00:00','2021-12-18 00:00:00',NULL,'0ebad8383bb94068d794f62b40f264e0',10,1),(6,NULL,NULL,'2021-12-17 00:00:00','2021-12-18 00:00:00',NULL,'0ebad8383bb94068d794f62b40f264e0',10,1);
/*!40000 ALTER TABLE `reservation` ENABLE KEYS */;
UNLOCK TABLES;

--
-- Table structure for table `room`
--

DROP TABLE IF EXISTS `room`;
/*!40101 SET @saved_cs_client     = @@character_set_client */;
/*!50503 SET character_set_client = utf8mb4 */;
CREATE TABLE `room` (
  `room_id` varchar(127) NOT NULL,
  `active` bit(1) DEFAULT NULL,
  `description` varchar(255) DEFAULT NULL,
  `name` varchar(255) DEFAULT NULL,
  `nor` int DEFAULT NULL,
  `nor_available` int DEFAULT NULL,
  `price` double DEFAULT NULL,
  `type` int DEFAULT NULL,
  `hotel_id` varchar(127) NOT NULL,
  PRIMARY KEY (`room_id`),
  KEY `FKdosq3ww4h9m2osim6o0lugng8` (`hotel_id`)
) ENGINE=MyISAM AUTO_INCREMENT=2280 DEFAULT CHARSET=utf8mb4 COLLATE=utf8mb4_0900_ai_ci;
/*!40101 SET character_set_client = @saved_cs_client */;

--
-- Dumping data for table `room`
--

LOCK TABLES `room` WRITE;
/*!40000 ALTER TABLE `room` DISABLE KEYS */;
INSERT INTO `room` VALUES ('0ebad8383bb94068d794f62b40f264e0',NULL,NULL,NULL,NULL,NULL,0,NULL,'b5ba1eec73becd09aa9637ada370145a'),('9e3d379ab7dad539dd17520b6e677f62',NULL,NULL,NULL,NULL,NULL,0,NULL,'b5ba1eec73becd09aa9637ada370145a'),('c7e6ce94905bba547c76c48a938c3986',NULL,NULL,NULL,NULL,NULL,0,NULL,'b5ba1eec73becd09aa9637ada370145a'),('fbab05a09605f86d022f4e047e9ff390',NULL,NULL,NULL,NULL,NULL,0,NULL,'b5ba1eec73becd09aa9637ada370145a'),('a64422cac0ad2868fdc343b9e02a60ed',NULL,NULL,NULL,NULL,NULL,0,NULL,'b5ba1eec73becd09aa9637ada370145a'),('62d3cdf98a541fafee4eb46b06cd2bfb',NULL,NULL,NULL,NULL,NULL,0,NULL,'b5ba1eec73becd09aa9637ada370145a'),('61e096cab57b0c93b14607491545eaf7',NULL,NULL,NULL,NULL,NULL,0,NULL,'b5ba1eec73becd09aa9637ada370145a'),('db83a375295b50a959391e847993754c',NULL,NULL,NULL,NULL,NULL,0,NULL,'8b31fad882c81fa32e01168d8ec06ea2'),('1bc7e8021bae6b4e0af3034e3d323892',NULL,NULL,NULL,NULL,NULL,0,NULL,'8b31fad882c81fa32e01168d8ec06ea2'),('6c7b002a0166a9b49cb5d7ad2b5f6c50',NULL,NULL,NULL,NULL,NULL,0,NULL,'8b31fad882c81fa32e01168d8ec06ea2'),('84f56499f8ebc93b131bb22c39f37af7',NULL,NULL,NULL,NULL,NULL,0,NULL,'8b31fad882c81fa32e01168d8ec06ea2'),('8923beeb95e79737182ab9449ede5603',NULL,NULL,NULL,NULL,NULL,0,NULL,'8b31fad882c81fa32e01168d8ec06ea2'),('353623dc8578e1265a1ca73fc4f44802',NULL,NULL,NULL,NULL,NULL,0,NULL,'8b31fad882c81fa32e01168d8ec06ea2'),('b040a32ebe61634ec1dbe4721c839f65',NULL,NULL,NULL,NULL,NULL,0,NULL,'8b31fad882c81fa32e01168d8ec06ea2'),('0723388e863016f449cfd04697db5f71',NULL,NULL,NULL,NULL,NULL,0,NULL,'8b31fad882c81fa32e01168d8ec06ea2'),('fce07cd69db65c7118cbb0c3b66c1069',NULL,NULL,NULL,NULL,NULL,0,NULL,'283cf107a78ea02aa6d57970244f7eae'),('8eab2f89792837e7859bdccdcb7075b1',NULL,NULL,NULL,NULL,NULL,0,NULL,'283cf107a78ea02aa6d57970244f7eae'),('f8a97fe442a40c81efbcfb8431722a5f',NULL,NULL,NULL,NULL,NULL,0,NULL,'283cf107a78ea02aa6d57970244f7eae'),('0c91f7015bd5bd1ce6e8a36e213c46d2',NULL,NULL,NULL,NULL,NULL,0,NULL,'283cf107a78ea02aa6d57970244f7eae'),('7283394b9021ac7b44b2899663514edb',NULL,NULL,NULL,NULL,NULL,0,NULL,'283cf107a78ea02aa6d57970244f7eae'),('53f160b702dd14ac47e1ecb1eb6be23d',NULL,NULL,NULL,NULL,NULL,0,NULL,'283cf107a78ea02aa6d57970244f7eae'),('f50c408df094e2f8be9b10920b3548bc',NULL,NULL,NULL,NULL,NULL,0,NULL,'b3409fc75b6aa95efc972a4adac9bee4'),('9b4f4167157bfe57d5e0e05ec2d3a19f',NULL,NULL,NULL,NULL,NULL,0,NULL,'b3409fc75b6aa95efc972a4adac9bee4'),('e56288ec228d87c7612c9c6606b21784',NULL,NULL,NULL,NULL,NULL,0,NULL,'b3409fc75b6aa95efc972a4adac9bee4'),('828768fe99e6c168dadc58a3916bb620',NULL,NULL,NULL,NULL,NULL,0,NULL,'b3409fc75b6aa95efc972a4adac9bee4'),('2383b36798bf9753d5d8ed2d10e94e6e',NULL,NULL,NULL,NULL,NULL,0,NULL,'b3409fc75b6aa95efc972a4adac9bee4'),('da2cee38f24c3d97f6b236b84e5eb192',NULL,NULL,NULL,NULL,NULL,0,NULL,'b3409fc75b6aa95efc972a4adac9bee4'),('b8ff794f65f2f267cc404103482de3c8',NULL,NULL,NULL,NULL,NULL,0,NULL,'b3409fc75b6aa95efc972a4adac9bee4'),('e33000cda6d6f672e874ab890ef3e444',NULL,NULL,NULL,NULL,NULL,0,NULL,'dce32f2b112239eba86b0f5aba45d95b'),('74a3fd431b6f7fa25a048d734772dfad',NULL,NULL,NULL,NULL,NULL,0,NULL,'dce32f2b112239eba86b0f5aba45d95b'),('244b4ee0e506c7c96a52f132e3a687ac',NULL,NULL,NULL,NULL,NULL,0,NULL,'dce32f2b112239eba86b0f5aba45d95b'),('9c50ad40b77b497199383615bf823926',NULL,NULL,NULL,NULL,NULL,0,NULL,'e2ef463a9300e7988c4c74a3109016e4'),('86dd4886a501777c15cb9a7a247eebd8',NULL,NULL,NULL,NULL,NULL,0,NULL,'e2ef463a9300e7988c4c74a3109016e4'),('4b84f0b60622f5f76d156935b064b0fd',NULL,NULL,NULL,NULL,NULL,0,NULL,'e2ef463a9300e7988c4c74a3109016e4'),('e4c7fdacd96df2c17e92de0f034985e2',NULL,NULL,NULL,NULL,NULL,0,NULL,'e2ef463a9300e7988c4c74a3109016e4'),('bc85194c40a98fbb459687898a8861bf',NULL,NULL,NULL,NULL,NULL,0,NULL,'e2ef463a9300e7988c4c74a3109016e4'),('5bdf318ace4777f29ee8676e593a595c',NULL,NULL,NULL,NULL,NULL,0,NULL,'e2ef463a9300e7988c4c74a3109016e4'),('0d8e7cfa5c405988035cb6cb6f0afec6',NULL,NULL,NULL,NULL,NULL,0,NULL,'e2ef463a9300e7988c4c74a3109016e4'),('e7a55269feea93119184ce9e6d199c59',NULL,NULL,NULL,NULL,NULL,0,NULL,'e2ef463a9300e7988c4c74a3109016e4'),('3bedde73520e5cfb7c5a042ca09c88ed',NULL,NULL,NULL,NULL,NULL,0,NULL,'e2ef463a9300e7988c4c74a3109016e4'),('541bfe0e5786bb842d1253cf30410926',NULL,NULL,NULL,NULL,NULL,0,NULL,'9d91012a3314981c49001e1b8694cacf'),('4e5a9903cd3c03b4ffa0b434830878df',NULL,NULL,NULL,NULL,NULL,0,NULL,'b4545207f38083db13e7c045c2fb0bae'),('6c4e67eb31469d67a13f9f0d4c7788a3',NULL,NULL,NULL,NULL,NULL,0,NULL,'b4545207f38083db13e7c045c2fb0bae'),('26fca65786fcd120f069308ac2ad6975',NULL,NULL,NULL,NULL,NULL,0,NULL,'b4545207f38083db13e7c045c2fb0bae'),('56ef29e9bc9ca80e775e2dd9d1155a10',NULL,NULL,NULL,NULL,NULL,0,NULL,'b4545207f38083db13e7c045c2fb0bae'),('c93d5db0750576090d2d3f7eaadf8f56',NULL,NULL,NULL,NULL,NULL,0,NULL,'b4545207f38083db13e7c045c2fb0bae'),('0c6ab1d95c77fa4065a4017d21726270',NULL,NULL,NULL,NULL,NULL,0,NULL,'7af56b348d3d6aa9f8b5a3615f6b4a9f'),('a3c087864ecb0ca22d18abd4f84aa63c',NULL,NULL,NULL,NULL,NULL,0,NULL,'425b890ed6295f58d4f619730b08062c'),('999550e89a10e698a8d917dfeda60e1a',NULL,NULL,NULL,NULL,NULL,0,NULL,'425b890ed6295f58d4f619730b08062c'),('6066ffc53c4f8695d0fd6b02ec960b67',NULL,NULL,NULL,NULL,NULL,0,NULL,'425b890ed6295f58d4f619730b08062c'),('fd8a33b6987bdffcb4ec6a7faaba3558',NULL,NULL,NULL,NULL,NULL,0,NULL,'5a20468194b3f9c9712bc1d17d8ebc07'),('c49a9b4e167a29750d572ef6e6141419',NULL,NULL,NULL,NULL,NULL,0,NULL,'5a20468194b3f9c9712bc1d17d8ebc07'),('6544b5740e37f30638ef76e80c805716',NULL,NULL,NULL,NULL,NULL,0,NULL,'5a20468194b3f9c9712bc1d17d8ebc07'),('7ac3bfbaaf8a8b75a62a702d0b1d251c',NULL,NULL,NULL,NULL,NULL,0,NULL,'5a20468194b3f9c9712bc1d17d8ebc07'),('fabed79eb4f1cb9f1dfef0c19e228acd',NULL,NULL,NULL,NULL,NULL,0,NULL,'5a20468194b3f9c9712bc1d17d8ebc07'),('38dec99d871cc3fdee16a2e8b0021977',NULL,NULL,NULL,NULL,NULL,0,NULL,'5a20468194b3f9c9712bc1d17d8ebc07'),('7ce76b9eb50793758eda1ba6175d8eac',NULL,NULL,NULL,NULL,NULL,0,NULL,'5a20468194b3f9c9712bc1d17d8ebc07'),('3a0e31e128128373bee86e8037383fd5',NULL,NULL,NULL,NULL,NULL,0,NULL,'00cd9df086cae3226d31732ab8a1fa76'),('55d19f61d25a0dd57d83a60d27487dc0',NULL,NULL,NULL,NULL,NULL,0,NULL,'00cd9df086cae3226d31732ab8a1fa76'),('79ead9bafb2f1dee4bbc2e19c1ca352e',NULL,NULL,NULL,NULL,NULL,0,NULL,'ea65ec57805dfcc7eea391973f4d6cca'),('5f9bd273968bbac885a59f9c598b3b1b',NULL,NULL,NULL,NULL,NULL,0,NULL,'ea65ec57805dfcc7eea391973f4d6cca'),('6144593b76ef7627c76a7b38d210d6b4',NULL,NULL,NULL,NULL,NULL,0,NULL,'b1d01c32cb0756980fef9de9f694994c'),('e8107768c66c743534c803d6d8b63ae3',NULL,NULL,NULL,NULL,NULL,0,NULL,'b1d01c32cb0756980fef9de9f694994c'),('8a6e59a7a7de9f901c12c9e5942f8c65',NULL,NULL,NULL,NULL,NULL,0,NULL,'98e0438a2ff427b312429f3cb2b8464f'),('d2dd25c1a5c69e34977960b88796a1c6',NULL,NULL,NULL,NULL,NULL,0,NULL,'98e0438a2ff427b312429f3cb2b8464f'),('ca546a12dfb357fbb16ae78b860135ca',NULL,NULL,NULL,NULL,NULL,0,NULL,'98e0438a2ff427b312429f3cb2b8464f'),('c699cf5db98209b0963a485600cd73de',NULL,NULL,NULL,NULL,NULL,0,NULL,'98e0438a2ff427b312429f3cb2b8464f'),('9b4132920a26e916efff69126aa10b2d',NULL,NULL,NULL,NULL,NULL,0,NULL,'86715d10933ea4a371b2440389d069a8'),('6ca03007e06ce47fe1706abbe8874345',NULL,NULL,NULL,NULL,NULL,0,NULL,'86715d10933ea4a371b2440389d069a8'),('65ee5d6e0e704d6996338e50477bffe2',NULL,NULL,NULL,NULL,NULL,0,NULL,'86715d10933ea4a371b2440389d069a8'),('af7db093341f56f5b8478f783fc7a923',NULL,NULL,NULL,NULL,NULL,0,NULL,'86715d10933ea4a371b2440389d069a8'),('3b45733dc910cc1af6f29c4a1366a3bf',NULL,NULL,NULL,NULL,NULL,0,NULL,'86715d10933ea4a371b2440389d069a8'),('efa9f345840d83bc3d2a88a75d6955ef',NULL,NULL,NULL,NULL,NULL,0,NULL,'529a78a0e3d6cb4b586ae5ab40220bc8'),('fb066e636747d33ad6abfaf5a8c23c3c',NULL,NULL,NULL,NULL,NULL,0,NULL,'529a78a0e3d6cb4b586ae5ab40220bc8'),('d5e433a83985ca44da83efa98ed43833',NULL,NULL,NULL,NULL,NULL,0,NULL,'529a78a0e3d6cb4b586ae5ab40220bc8'),('2979c826a9b897f67279ef872e36897b',NULL,NULL,NULL,NULL,NULL,0,NULL,'9845e7fc092bcc91db08d7e73f04855a'),('dc91bb66326118912830feeecbfdbe62',NULL,NULL,NULL,NULL,NULL,0,NULL,'9845e7fc092bcc91db08d7e73f04855a'),('430fcb3bb86efae6398220fc9615ad15',NULL,NULL,NULL,NULL,NULL,0,NULL,'9845e7fc092bcc91db08d7e73f04855a'),('4b9f35fa9bab7dbd3f96779b5d657099',NULL,NULL,NULL,NULL,NULL,0,NULL,'9845e7fc092bcc91db08d7e73f04855a'),('44c51d6ba8250fe1a744c6db383f2c1b',NULL,NULL,NULL,NULL,NULL,0,NULL,'6e231b6c5e2fec54b240a6dcaeff9d06'),('76dfc719504a783a595b02d89e7f579e',NULL,NULL,NULL,NULL,NULL,0,NULL,'6e231b6c5e2fec54b240a6dcaeff9d06'),('1c0590ce311d82ad4b8fe17f45908b65',NULL,NULL,NULL,NULL,NULL,0,NULL,'6e231b6c5e2fec54b240a6dcaeff9d06'),('cc62b7cca557117640fec15a16303af8',NULL,NULL,NULL,NULL,NULL,0,NULL,'6e231b6c5e2fec54b240a6dcaeff9d06'),('5b3d8e71ae1bf25f834107eb2a4d8fe5',NULL,NULL,NULL,NULL,NULL,0,NULL,'6c4dee2d6201e83b07f97e3970e62d3f'),('4e7abe22f3ab7d921198b6491b3a77e5',NULL,NULL,NULL,NULL,NULL,0,NULL,'6c4dee2d6201e83b07f97e3970e62d3f'),('43db266d508d35a2a107444752a7d67a',NULL,NULL,NULL,NULL,NULL,0,NULL,'6c4dee2d6201e83b07f97e3970e62d3f'),('c87049610e1b21876e16a44c5d35c942',NULL,NULL,NULL,NULL,NULL,0,NULL,'6c4dee2d6201e83b07f97e3970e62d3f'),('2f716bd04223ca5c9931968391501679',NULL,NULL,NULL,NULL,NULL,0,NULL,'6c4dee2d6201e83b07f97e3970e62d3f'),('d43b4168443a6532bbf8c21786aa94b7',NULL,NULL,NULL,NULL,NULL,0,NULL,'6c4dee2d6201e83b07f97e3970e62d3f'),('eb0dca6a3f171c94a2013aab93682b02',NULL,NULL,NULL,NULL,NULL,0,NULL,'6c4dee2d6201e83b07f97e3970e62d3f'),('8e6183cfbaacee4eb4b8d9ba5fe94f26',NULL,NULL,NULL,NULL,NULL,0,NULL,'6c4dee2d6201e83b07f97e3970e62d3f'),('fa8a958ee9fc4e6247cf0c2feabb7ab4',NULL,NULL,NULL,NULL,NULL,0,NULL,'6c4dee2d6201e83b07f97e3970e62d3f'),('b05f491da1395ebb5e479cc5b0e1c285',NULL,NULL,NULL,NULL,NULL,0,NULL,'6c4dee2d6201e83b07f97e3970e62d3f'),('5192c5da6a08d7aebae7de24720d47c4',NULL,NULL,NULL,NULL,NULL,0,NULL,'2c908293161bd8ccfa5c78a5f0bb7e30'),('b28d4f79503150a3348ac34957b29507',NULL,NULL,NULL,NULL,NULL,0,NULL,'2c908293161bd8ccfa5c78a5f0bb7e30'),('c47d2f1a72b961d26c0997d4ac5d0c07',NULL,NULL,NULL,NULL,NULL,0,NULL,'2c908293161bd8ccfa5c78a5f0bb7e30'),('0bf06b6473591a86a12b9ed957df6d71',NULL,NULL,NULL,NULL,NULL,0,NULL,'2c908293161bd8ccfa5c78a5f0bb7e30'),('7625d585bd3d7480b2fd7cabd8e76218',NULL,NULL,NULL,NULL,NULL,0,NULL,'bb52aa3cfdf7247ea4d50ac392c3d727'),('84b6af033ab6fd5784a7022cd1b87fa4',NULL,NULL,NULL,NULL,NULL,0,NULL,'bb52aa3cfdf7247ea4d50ac392c3d727'),('487b32eeda69694b45bdd81e9e1cf03c',NULL,NULL,NULL,NULL,NULL,0,NULL,'bb52aa3cfdf7247ea4d50ac392c3d727'),('d35fe59d34d2ac5c71dc7525c320d9e1',NULL,NULL,NULL,NULL,NULL,0,NULL,'bb52aa3cfdf7247ea4d50ac392c3d727'),('431370b92d52a04260e90adaf9a9dc33',NULL,NULL,NULL,NULL,NULL,0,NULL,'bb52aa3cfdf7247ea4d50ac392c3d727'),('03ad87a734079877018110c4cc04f4f5',NULL,NULL,NULL,NULL,NULL,0,NULL,'bb52aa3cfdf7247ea4d50ac392c3d727'),('95c001c05e32e1253f6ecce680e1e0cd',NULL,NULL,NULL,NULL,NULL,0,NULL,'bb52aa3cfdf7247ea4d50ac392c3d727'),('8daf624e50b02225d1671b58df9a1e49',NULL,NULL,NULL,NULL,NULL,0,NULL,'bb52aa3cfdf7247ea4d50ac392c3d727'),('8e8ea1603649a941a2e9e1f3ab8cef21',NULL,NULL,NULL,NULL,NULL,0,NULL,'bb52aa3cfdf7247ea4d50ac392c3d727'),('2250c5d35c00a14fbfac4ddf2f761871',NULL,NULL,NULL,NULL,NULL,0,NULL,'fde4ade0c2f852ee982c7082c0ae246a'),('377f2309760d79958c024ce61387a780',NULL,NULL,NULL,NULL,NULL,0,NULL,'fde4ade0c2f852ee982c7082c0ae246a'),('8031099d18aaf1ff514f340fa5e01bcd',NULL,NULL,NULL,NULL,NULL,0,NULL,'fde4ade0c2f852ee982c7082c0ae246a'),('a9e735378f71381b01781be0984e8873',NULL,NULL,NULL,NULL,NULL,0,NULL,'34ae0faf027b7fe2b364f1a6da23f80b'),('8bbf6a15ea42bedb62519b53dab5d021',NULL,NULL,NULL,NULL,NULL,0,NULL,'34ae0faf027b7fe2b364f1a6da23f80b'),('45fba5293df318d970db3d8eab6fcd41',NULL,NULL,NULL,NULL,NULL,0,NULL,'34ae0faf027b7fe2b364f1a6da23f80b'),('544d03914f0fa7a6442c73b8fe1d47b8',NULL,NULL,NULL,NULL,NULL,0,NULL,'34ae0faf027b7fe2b364f1a6da23f80b'),('e3dd004f795657c1b140b3878294e945',NULL,NULL,NULL,NULL,NULL,0,NULL,'34ae0faf027b7fe2b364f1a6da23f80b'),('98850a835a64902d1bc6ef416830a75d',NULL,NULL,NULL,NULL,NULL,0,NULL,'34ae0faf027b7fe2b364f1a6da23f80b'),('fd18e56c0eef9b82a6751a6e0108ca84',NULL,NULL,NULL,NULL,NULL,0,NULL,'34ae0faf027b7fe2b364f1a6da23f80b'),('b7d8e77f4ceaf1176b885e573fa051f1',NULL,NULL,NULL,NULL,NULL,0,NULL,'34ae0faf027b7fe2b364f1a6da23f80b'),('22bbbc7d7d2b46e6c29470485e3ce629',NULL,NULL,NULL,NULL,NULL,0,NULL,'34ae0faf027b7fe2b364f1a6da23f80b'),('027436c2a4fbc57860e54f684624f5b1',NULL,NULL,NULL,NULL,NULL,0,NULL,'050bedee0b94b21b5b3bb359e24227a1'),('0e07cec1e99f6231b4a317622e7d8c1f',NULL,NULL,NULL,NULL,NULL,0,NULL,'050bedee0b94b21b5b3bb359e24227a1'),('1e6c74187186ed826e13eb2a5206877a',NULL,NULL,NULL,NULL,NULL,0,NULL,'050bedee0b94b21b5b3bb359e24227a1'),('a3c26263b2ad75baff5bbb3497a9b614',NULL,NULL,NULL,NULL,NULL,0,NULL,'050bedee0b94b21b5b3bb359e24227a1'),('a9b021e1341a266a8d1db5cf72ffe107',NULL,NULL,NULL,NULL,NULL,0,NULL,'050bedee0b94b21b5b3bb359e24227a1'),('d648e2ade2e487f6b9834b40cb7d3ff3',NULL,NULL,NULL,NULL,NULL,0,NULL,'050bedee0b94b21b5b3bb359e24227a1'),('0f8446e0726970b11486dacf1648f5ba',NULL,NULL,NULL,NULL,NULL,0,NULL,'f13356f9a55aab57389e08701101d71a'),('9d5bc47f50506ca676cec9b031d9c1c8',NULL,NULL,NULL,NULL,NULL,0,NULL,'f13356f9a55aab57389e08701101d71a'),('fbe3f7926c8a336f43ab3f8e409e961c',NULL,NULL,NULL,NULL,NULL,0,NULL,'f13356f9a55aab57389e08701101d71a'),('a33fe5bf272b20d1648b6c4fa8904415',NULL,NULL,NULL,NULL,NULL,0,NULL,'f13356f9a55aab57389e08701101d71a'),('851665e39f0fdf0441f12508a731de7e',NULL,NULL,NULL,NULL,NULL,0,NULL,'f13356f9a55aab57389e08701101d71a'),('a4a5f6209a75fb03305e123fac117fb0',NULL,NULL,NULL,NULL,NULL,0,NULL,'f13356f9a55aab57389e08701101d71a'),('c387eb5daa1c5b1f53b733a9fafd3c4a',NULL,NULL,NULL,NULL,NULL,0,NULL,'f13356f9a55aab57389e08701101d71a'),('a52b4fff8a5fd1f5dc2d0704036553d5',NULL,NULL,NULL,NULL,NULL,0,NULL,'f13356f9a55aab57389e08701101d71a'),('e402c39b966ebe402a4e33575c276ae4',NULL,NULL,NULL,NULL,NULL,0,NULL,'f13356f9a55aab57389e08701101d71a'),('e3b1d9d3406b278346ab17d48387d545',NULL,NULL,NULL,NULL,NULL,0,NULL,'f13356f9a55aab57389e08701101d71a'),('34ed42e9dc428efbc607106fad002efc',NULL,NULL,NULL,NULL,NULL,0,NULL,'f13356f9a55aab57389e08701101d71a'),('40ae29f86df5388f6265c53387f7448b',NULL,NULL,NULL,NULL,NULL,0,NULL,'f13356f9a55aab57389e08701101d71a'),('4974a6fe3fde917f4e2f724d69d65a70',NULL,NULL,NULL,NULL,NULL,0,NULL,'f13356f9a55aab57389e08701101d71a'),('2e679d2eb5aad4dbb682d55fca914cfe',NULL,NULL,NULL,NULL,NULL,0,NULL,'4b78d353efd10824abd93905f2538e63'),('50c3c3b5a82bc934e19f13c86ca51038',NULL,NULL,NULL,NULL,NULL,0,NULL,'4b78d353efd10824abd93905f2538e63'),('618332e79128b555b3656411a9f4bf3c',NULL,NULL,NULL,NULL,NULL,0,NULL,'4b78d353efd10824abd93905f2538e63'),('d149b690ec9a5b5c913aceed70e99433',NULL,NULL,NULL,NULL,NULL,0,NULL,'4b78d353efd10824abd93905f2538e63'),('2e91306086de0d133ea90cb07633a96d',NULL,NULL,NULL,NULL,NULL,0,NULL,'4b78d353efd10824abd93905f2538e63'),('05651e34efebe09efc6519054429dfc6',NULL,NULL,NULL,NULL,NULL,0,NULL,'4b78d353efd10824abd93905f2538e63'),('81c8e2f8f104335b2e79d8c314d7e125',NULL,NULL,NULL,NULL,NULL,0,NULL,'4b78d353efd10824abd93905f2538e63'),('1d579838c9ce55ed31c9c11754b832e4',NULL,NULL,NULL,NULL,NULL,0,NULL,'4b78d353efd10824abd93905f2538e63'),('356305601eefccf0fe403d9abf5b700e',NULL,NULL,NULL,NULL,NULL,0,NULL,'88a10e959550c04b90b5eb3e1beabce8'),('fdd250b26cdf8f645b58009528798f0c',NULL,NULL,NULL,NULL,NULL,0,NULL,'88a10e959550c04b90b5eb3e1beabce8'),('df1ae6e25f0298adb1ca29df5c03e0f9',NULL,NULL,NULL,NULL,NULL,0,NULL,'88a10e959550c04b90b5eb3e1beabce8'),('1b6439f90fc318503f28d2f52495c4ff',NULL,NULL,NULL,NULL,NULL,0,NULL,'88a10e959550c04b90b5eb3e1beabce8'),('b43a1afe99e14246c17c34aa269615fe',NULL,NULL,NULL,NULL,NULL,0,NULL,'88a10e959550c04b90b5eb3e1beabce8'),('ed9b680a272a23e3b101b3ce11667a31',NULL,NULL,NULL,NULL,NULL,0,NULL,'88a10e959550c04b90b5eb3e1beabce8'),('c8ab9796fe24ab91be3f5ef1e190fb66',NULL,NULL,NULL,NULL,NULL,0,NULL,'88a10e959550c04b90b5eb3e1beabce8'),('060e17db5da2f425a66c07eb4df4da36',NULL,NULL,NULL,NULL,NULL,0,NULL,'88a10e959550c04b90b5eb3e1beabce8'),('1a0735a9fb9f440120173f22a3cf3a9d',NULL,NULL,NULL,NULL,NULL,0,NULL,'8961a94525ce567006cf29e1f9ee9dd1'),('eff46c9ca813e74248c7f8816512616a',NULL,NULL,NULL,NULL,NULL,0,NULL,'8961a94525ce567006cf29e1f9ee9dd1'),('c9b248da477ce36c7e3ffc450dc76cc2',NULL,NULL,NULL,NULL,NULL,0,NULL,'8961a94525ce567006cf29e1f9ee9dd1'),('af061d4030b7ca6b7cc7c4f7aabde1f1',NULL,NULL,NULL,NULL,NULL,0,NULL,'c951d39abb8653661a186f8e0784689a'),('afcb5d8351abadb746c676e41ad7f8cc',NULL,NULL,NULL,NULL,NULL,0,NULL,'c951d39abb8653661a186f8e0784689a'),('ee25c685d9e5a6cf81ef0de505a45481',NULL,NULL,NULL,NULL,NULL,0,NULL,'c951d39abb8653661a186f8e0784689a'),('776e973dfbac4546e56128ac3c3311c7',NULL,NULL,NULL,NULL,NULL,0,NULL,'c951d39abb8653661a186f8e0784689a'),('f2155e6cc1d15932e50e8611a14f5fbb',NULL,NULL,NULL,NULL,NULL,0,NULL,'9413ae64677092956c99d99b158b443a'),('cab0931607f94ca1d9887da52c5b025a',NULL,NULL,NULL,NULL,NULL,0,NULL,'9413ae64677092956c99d99b158b443a'),('a13ecbb3fd78d0bcd2a018cf88f966b9',NULL,NULL,NULL,NULL,NULL,0,NULL,'9413ae64677092956c99d99b158b443a'),('9a254d59948fea3dd44f99125cd8cfea',NULL,NULL,NULL,NULL,NULL,0,NULL,'8b69a42c511bef9a0052c9a2cf79418b'),('830ebf4b0a38371c42e9f18e77e4f504',NULL,NULL,NULL,NULL,NULL,0,NULL,'8b69a42c511bef9a0052c9a2cf79418b'),('5e5ec8060dcc87a1dd94d2cb315f1555',NULL,NULL,NULL,NULL,NULL,0,NULL,'5bd0aa06bd8386e79acc2674417667a1'),('d5bc52f2157e25352476177afe49d65c',NULL,NULL,NULL,NULL,NULL,0,NULL,'5bd0aa06bd8386e79acc2674417667a1'),('bbffcaa1d8514abf1add738112db3077',NULL,NULL,NULL,NULL,NULL,0,NULL,'5bd0aa06bd8386e79acc2674417667a1'),('4edc9808e219f0358de87ba7dcb101c2',NULL,NULL,NULL,NULL,NULL,0,NULL,'5bd0aa06bd8386e79acc2674417667a1'),('42b60e8128a71fdc04ea6b5143b23cc2',NULL,NULL,NULL,NULL,NULL,0,NULL,'6bea6c93e1f464c0e287928fbb8610bf'),('e5291d5b6d161f242f796683bf91676e',NULL,NULL,NULL,NULL,NULL,0,NULL,'6bea6c93e1f464c0e287928fbb8610bf'),('ea48bc8c8876886f30e6ec61f09277c4',NULL,NULL,NULL,NULL,NULL,0,NULL,'6bea6c93e1f464c0e287928fbb8610bf'),('0f9b0d951b3ac6540d398d8f107e757f',NULL,NULL,NULL,NULL,NULL,0,NULL,'155daec41c3f17e7bc814cb387a4431b'),('8e832d620f3fb5bb2904058be8f84580',NULL,NULL,NULL,NULL,NULL,0,NULL,'155daec41c3f17e7bc814cb387a4431b'),('e04bb4f4d080d66efdfa72890d888a27',NULL,NULL,NULL,NULL,NULL,0,NULL,'155daec41c3f17e7bc814cb387a4431b'),('c44863bf82da697a00a2984cb28026fd',NULL,NULL,NULL,NULL,NULL,0,NULL,'155daec41c3f17e7bc814cb387a4431b'),('ad8e3607a9abd25f4f7999290c4e1eb4',NULL,NULL,NULL,NULL,NULL,0,NULL,'155daec41c3f17e7bc814cb387a4431b'),('44d8c5e97595d9c721fb0845ca614529',NULL,NULL,NULL,NULL,NULL,0,NULL,'792bebb0b17cf60bb8cbe95e2e63c565'),('599f24d5a435078d782d264a6d7e273c',NULL,NULL,NULL,NULL,NULL,0,NULL,'792bebb0b17cf60bb8cbe95e2e63c565'),('bfc256388b095b895594fa9378ff4505',NULL,NULL,NULL,NULL,NULL,0,NULL,'792bebb0b17cf60bb8cbe95e2e63c565'),('8330c2afe740f084fcc22ec2dd836967',NULL,NULL,NULL,NULL,NULL,0,NULL,'792bebb0b17cf60bb8cbe95e2e63c565'),('1736f33b8bec75c085e394d3448649d4',NULL,NULL,NULL,NULL,NULL,0,NULL,'1112d5422062c399f9529d2f50254da2'),('8a73511f1483f2beeaee380c35202659',NULL,NULL,NULL,NULL,NULL,0,NULL,'1112d5422062c399f9529d2f50254da2'),('cd1fb22c032b674a7cb447ef4aa1785a',NULL,NULL,NULL,NULL,NULL,0,NULL,'1112d5422062c399f9529d2f50254da2'),('b5f756fbec17e7239495aa7d31c96521',NULL,NULL,NULL,NULL,NULL,0,NULL,'1112d5422062c399f9529d2f50254da2'),('f7b906b3bd46548e15b22d3fdc240a64',NULL,NULL,NULL,NULL,NULL,0,NULL,'1112d5422062c399f9529d2f50254da2'),('d34b85684b5bec7912e978d7fa03c06e',NULL,NULL,NULL,NULL,NULL,0,NULL,'1112d5422062c399f9529d2f50254da2'),('0f09a53aba3be65106aa445ae20cae6b',NULL,NULL,NULL,NULL,NULL,0,NULL,'1112d5422062c399f9529d2f50254da2'),('6eb1fc7f314effd97ffb224535ba035e',NULL,NULL,NULL,NULL,NULL,0,NULL,'1112d5422062c399f9529d2f50254da2'),('dc1265359b857fbf8847f1de42479d6f',NULL,NULL,NULL,NULL,NULL,0,NULL,'9e482b8bd80321bed927cf807208cd7e'),('42590e44c083ee5e17cf9023cdd7388d',NULL,NULL,NULL,NULL,NULL,0,NULL,'9e482b8bd80321bed927cf807208cd7e'),('7016768fd419e297f91233f80b586789',NULL,NULL,NULL,NULL,NULL,0,NULL,'9e482b8bd80321bed927cf807208cd7e'),('6c3a55d7b022f61825c803f2c9c1e4d0',NULL,NULL,NULL,NULL,NULL,0,NULL,'497d4f062b652ac91ed4b72b8d957707'),('4182b2ceee1b5d1a0c3c87ba8cbc47a1',NULL,NULL,NULL,NULL,NULL,0,NULL,'497d4f062b652ac91ed4b72b8d957707'),('921f8ca7f44bbf358a759d348c36f909',NULL,NULL,NULL,NULL,NULL,0,NULL,'497d4f062b652ac91ed4b72b8d957707'),('f45140298e9f65a507a720d9363d5fd0',NULL,NULL,NULL,NULL,NULL,0,NULL,'497d4f062b652ac91ed4b72b8d957707'),('34e01bfc679bf941f9f69570ee9c22d8',NULL,NULL,NULL,NULL,NULL,0,NULL,'497d4f062b652ac91ed4b72b8d957707'),('07d314d37ff820a241091e25b706e4d2',NULL,NULL,NULL,NULL,NULL,0,NULL,'497d4f062b652ac91ed4b72b8d957707'),('1ea292180f0615f3588df12c8620da01',NULL,NULL,NULL,NULL,NULL,0,NULL,'497d4f062b652ac91ed4b72b8d957707'),('cc8e65fca7d36a8d32cad761a3dc9662',NULL,NULL,NULL,NULL,NULL,0,NULL,'497d4f062b652ac91ed4b72b8d957707'),('46bf06b32dce404cbf60e9f7d9b89791',NULL,NULL,NULL,NULL,NULL,0,NULL,'497d4f062b652ac91ed4b72b8d957707'),('79bdda5cc96fbfba144f59f41f7cd9c0',NULL,NULL,NULL,NULL,NULL,0,NULL,'497d4f062b652ac91ed4b72b8d957707'),('36b861cf61c78cbaef1a5415e5891fdd',NULL,NULL,NULL,NULL,NULL,0,NULL,'497d4f062b652ac91ed4b72b8d957707'),('37d5235f3b6b7cc5edaed5c5a5ad9bc9',NULL,NULL,NULL,NULL,NULL,0,NULL,'497d4f062b652ac91ed4b72b8d957707'),('9476ad97e239900837b162daf9872bf9',NULL,NULL,NULL,NULL,NULL,0,NULL,'c4547983be58bc9a09aa8fb2df6c3bf0'),('bec621af31f9eab9d92601f695a9af99',NULL,NULL,NULL,NULL,NULL,0,NULL,'c4547983be58bc9a09aa8fb2df6c3bf0'),('8a04998786c99ce4fa3f5a321c396bd6',NULL,NULL,NULL,NULL,NULL,0,NULL,'c4547983be58bc9a09aa8fb2df6c3bf0'),('349e809c854a7ee287cf49fff8e750f2',NULL,NULL,NULL,NULL,NULL,0,NULL,'bbcf065dfd64e8ebc2001b54bfa476cf'),('cb1b39130b97633f09fe87bba1e2d52e',NULL,NULL,NULL,NULL,NULL,0,NULL,'bbcf065dfd64e8ebc2001b54bfa476cf'),('fab55e7d80c6738c6d323db602686b30',NULL,NULL,NULL,NULL,NULL,0,NULL,'bbcf065dfd64e8ebc2001b54bfa476cf'),('2eba174bc62636ee680f14b3402acd19',NULL,NULL,NULL,NULL,NULL,0,NULL,'bbcf065dfd64e8ebc2001b54bfa476cf'),('4151a05b7aa92463f3fc796500baece8',NULL,NULL,NULL,NULL,NULL,0,NULL,'bbcf065dfd64e8ebc2001b54bfa476cf'),('2db76388b270716e2b58d994f657da8b',NULL,NULL,NULL,NULL,NULL,0,NULL,'bbcf065dfd64e8ebc2001b54bfa476cf'),('be0d512073a32ecb315be85e1cb7f34f',NULL,NULL,NULL,NULL,NULL,0,NULL,'bbcf065dfd64e8ebc2001b54bfa476cf'),('c8ae683983a13536a4932851392ec6f0',NULL,NULL,NULL,NULL,NULL,0,NULL,'bbcf065dfd64e8ebc2001b54bfa476cf'),('6f5c6559471b817aaaffd5fcedc375b8',NULL,NULL,NULL,NULL,NULL,0,NULL,'9184d762c20769e19e7bef752d47350f'),('c454cae971753b0ba323e7655facc448',NULL,NULL,NULL,NULL,NULL,0,NULL,'9184d762c20769e19e7bef752d47350f'),('77333111f0077ef572ca45748296b6f7',NULL,NULL,NULL,NULL,NULL,0,NULL,'9184d762c20769e19e7bef752d47350f'),('ce0155acd57075a6efe57df971298a53',NULL,NULL,NULL,NULL,NULL,0,NULL,'9184d762c20769e19e7bef752d47350f'),('bb1ab03df206248d1c4e17651b8373b6',NULL,NULL,NULL,NULL,NULL,0,NULL,'9184d762c20769e19e7bef752d47350f'),('9dad9812b053d753b27b01f905330a69',NULL,NULL,NULL,NULL,NULL,0,NULL,'9184d762c20769e19e7bef752d47350f'),('7182ef0dd78c2947ff497f7972aadafe',NULL,NULL,NULL,NULL,NULL,0,NULL,'9184d762c20769e19e7bef752d47350f'),('dfa555b8251de6cd66ca17c5ab3737de',NULL,NULL,NULL,NULL,NULL,0,NULL,'ef751dc17cff84699e285656d860066a'),('2bad95dd598eff062b4c55e68c38f83d',NULL,NULL,NULL,NULL,NULL,0,NULL,'ef751dc17cff84699e285656d860066a'),('ca9aed75aa145289525f52c4191bff9c',NULL,NULL,NULL,NULL,NULL,0,NULL,'ef751dc17cff84699e285656d860066a'),('89807a80bc878acd5625fb7210ec8ade',NULL,NULL,NULL,NULL,NULL,0,NULL,'ef751dc17cff84699e285656d860066a'),('6c04a2ac32a30cfe4b30e49885ebdadf',NULL,NULL,NULL,NULL,NULL,0,NULL,'ef751dc17cff84699e285656d860066a'),('c15898e02b6fe5c4db270a271e89407a',NULL,NULL,NULL,NULL,NULL,0,NULL,'8f7d2d63f43cbd0c98e628b4297f7b47'),('a9c28545847cd701ec8648c0780d734b',NULL,NULL,NULL,NULL,NULL,0,NULL,'8f7d2d63f43cbd0c98e628b4297f7b47'),('cbd0863eaf8b5cc1be431e4b13537b03',NULL,NULL,NULL,NULL,NULL,0,NULL,'8f7d2d63f43cbd0c98e628b4297f7b47'),('20837847eadfff1ee7d8d1bf87a1c0ec',NULL,NULL,NULL,NULL,NULL,0,NULL,'8f7d2d63f43cbd0c98e628b4297f7b47'),('a2144f58d10f653d381aa4463f48882d',NULL,NULL,NULL,NULL,NULL,0,NULL,'b52f5f9f744221380bf0dd9218082f6a'),('2f190131580df5c1858628b2bf3ff0d5',NULL,NULL,NULL,NULL,NULL,0,NULL,'b52f5f9f744221380bf0dd9218082f6a'),('4567a1ae995f78308ef0ac67b838b302',NULL,NULL,NULL,NULL,NULL,0,NULL,'b52f5f9f744221380bf0dd9218082f6a'),('53bdd7ee1449346d5688193e6ef4f69c',NULL,NULL,NULL,NULL,NULL,0,NULL,'b52f5f9f744221380bf0dd9218082f6a'),('b765ba31646b30931a491785356994f5',NULL,NULL,NULL,NULL,NULL,0,NULL,'b52f5f9f744221380bf0dd9218082f6a'),('aa2df39ca31f12664f35ca0585a88a79',NULL,NULL,NULL,NULL,NULL,0,NULL,'b52f5f9f744221380bf0dd9218082f6a'),('c242688f67536c4bcb82956cc575e4d2',NULL,NULL,NULL,NULL,NULL,0,NULL,'b52f5f9f744221380bf0dd9218082f6a'),('c36f7588814b6e291b3913287157c271',NULL,NULL,NULL,NULL,NULL,0,NULL,'b52f5f9f744221380bf0dd9218082f6a'),('b2874bd0990735605e721e20c1ed5e45',NULL,NULL,NULL,NULL,NULL,0,NULL,'b52f5f9f744221380bf0dd9218082f6a'),('8b9c8d0cb7674dfa2010a6d0f535cfb7',NULL,NULL,NULL,NULL,NULL,0,NULL,'926ae6a900d55e22abca2efbfbab0a06'),('29d29d6b20317957980f9129c94f28e0',NULL,NULL,NULL,NULL,NULL,0,NULL,'926ae6a900d55e22abca2efbfbab0a06'),('83d1ab6577a30aeee82025b070d4c6f2',NULL,NULL,NULL,NULL,NULL,0,NULL,'926ae6a900d55e22abca2efbfbab0a06'),('ce51b6c8eeb519ce61b2d35724575989',NULL,NULL,NULL,NULL,NULL,0,NULL,'926ae6a900d55e22abca2efbfbab0a06'),('b3b846824b9286841932bd08bbf81b97',NULL,NULL,NULL,NULL,NULL,0,NULL,'a648f7511a177a33c6b7a3ffaead9770'),('79d42d34fbfdc54353a3c263d63b183c',NULL,NULL,NULL,NULL,NULL,0,NULL,'a648f7511a177a33c6b7a3ffaead9770'),('6ecd50f09b28dd249dbac59b5466e28b',NULL,NULL,NULL,NULL,NULL,0,NULL,'a648f7511a177a33c6b7a3ffaead9770'),('713c00709d0c0990443548a0697c575a',NULL,NULL,NULL,NULL,NULL,0,NULL,'a648f7511a177a33c6b7a3ffaead9770'),('9d9e1ac2a105670a4635c444b3bdd72b',NULL,NULL,NULL,NULL,NULL,0,NULL,'a648f7511a177a33c6b7a3ffaead9770'),('9b436b29edda6c38b8711959328156ad',NULL,NULL,NULL,NULL,NULL,0,NULL,'a648f7511a177a33c6b7a3ffaead9770'),('0f348faf391ce1d27bfedacae056973c',NULL,NULL,NULL,NULL,NULL,0,NULL,'a648f7511a177a33c6b7a3ffaead9770'),('39482dbddf9b2617272e4cb958ee31ce',NULL,NULL,NULL,NULL,NULL,0,NULL,'a648f7511a177a33c6b7a3ffaead9770'),('5ba3f2a4f04e0458077f4d4fed2cbc54',NULL,NULL,NULL,NULL,NULL,0,NULL,'a648f7511a177a33c6b7a3ffaead9770'),('0db0b38eccfe76547e1615189df450b1',NULL,NULL,NULL,NULL,NULL,0,NULL,'a648f7511a177a33c6b7a3ffaead9770'),('e089f9c3732c05050d91e37b4c64aec6',NULL,NULL,NULL,NULL,NULL,0,NULL,'a648f7511a177a33c6b7a3ffaead9770'),('cea2b5f235010b57dbb140c9b69bc01a',NULL,NULL,NULL,NULL,NULL,0,NULL,'a648f7511a177a33c6b7a3ffaead9770'),('4515c6b7ef601709cace656bcfe9416b',NULL,NULL,NULL,NULL,NULL,0,NULL,'b1618a60a45343706cbf56cdf68113a2'),('a9210f9ce1f8885ba8b5b311e4b97136',NULL,NULL,NULL,NULL,NULL,0,NULL,'b1618a60a45343706cbf56cdf68113a2'),('7f7dbeaccd9826703c832be399a1fd5f',NULL,NULL,NULL,NULL,NULL,0,NULL,'b1618a60a45343706cbf56cdf68113a2'),('ed4713e39b06cb90a3b0528c87156bcf',NULL,NULL,NULL,NULL,NULL,0,NULL,'b1618a60a45343706cbf56cdf68113a2'),('b4f552523c51f54dab0a451005748b6d',NULL,NULL,NULL,NULL,NULL,0,NULL,'b1618a60a45343706cbf56cdf68113a2'),('ba025ef854b9dac7dd2195d4065e4acf',NULL,NULL,NULL,NULL,NULL,0,NULL,'b1618a60a45343706cbf56cdf68113a2'),('67d802a7a0b781e08f6b5a9aea147a9a',NULL,NULL,NULL,NULL,NULL,0,NULL,'2c30cfc87db57564b0fa4b85abc9152c'),('da9ab4aa11a36e08b71d4aaa5cc3fedf',NULL,NULL,NULL,NULL,NULL,0,NULL,'2c30cfc87db57564b0fa4b85abc9152c'),('48d56d9a9d2064599535b91c847e51f0',NULL,NULL,NULL,NULL,NULL,0,NULL,'2c30cfc87db57564b0fa4b85abc9152c'),('f0b9e69cc605f5b60e9e821616fc154e',NULL,NULL,NULL,NULL,NULL,0,NULL,'baf4599ce328d61cd184c5c820bdf410'),('da7dc16b1d980eca850ce377e3489652',NULL,NULL,NULL,NULL,NULL,0,NULL,'19bed6f0a900089fe1317a14b41c1586'),('f1287b3f97b4b35b19f1cdc36d892bc0',NULL,NULL,NULL,NULL,NULL,0,NULL,'19bed6f0a900089fe1317a14b41c1586'),('73880e12ee1238704414743b86a72995',NULL,NULL,NULL,NULL,NULL,0,NULL,'19bed6f0a900089fe1317a14b41c1586'),('32ab562703564d193d669f0838003b78',NULL,NULL,NULL,NULL,NULL,0,NULL,'19bed6f0a900089fe1317a14b41c1586'),('00d102dbd0184eeda56243bf2100722c',NULL,NULL,NULL,NULL,NULL,0,NULL,'a4d384745a913680270a3505c187e523'),('bcf76055b775606ba195f14d733f27fe',NULL,NULL,NULL,NULL,NULL,0,NULL,'a4d384745a913680270a3505c187e523'),('f516435c9de177fb1b2d68dab50498b0',NULL,NULL,NULL,NULL,NULL,0,NULL,'a4d384745a913680270a3505c187e523'),('98ca9c491db751c61aced9bd969b8954',NULL,NULL,NULL,NULL,NULL,0,NULL,'a4d384745a913680270a3505c187e523'),('2c0f21f69ba49507a50139090fab67c3',NULL,NULL,NULL,NULL,NULL,0,NULL,'a4d384745a913680270a3505c187e523'),('c25ea45be8af36e36d6858c50e8e106d',NULL,NULL,NULL,NULL,NULL,0,NULL,'a4d384745a913680270a3505c187e523'),('49f1196c3258a31649716e3514343039',NULL,NULL,NULL,NULL,NULL,0,NULL,'a4d384745a913680270a3505c187e523'),('f035728782afec65dec132bb3afe34b9',NULL,NULL,NULL,NULL,NULL,0,NULL,'a4d384745a913680270a3505c187e523'),('e96e3d7f4fdeea1ed1090f624d2934fd',NULL,NULL,NULL,NULL,NULL,0,NULL,'648262c84a90053cdab654d22f25fe99'),('f6463d4bb34b8261d986e1adde154826',NULL,NULL,NULL,NULL,NULL,0,NULL,'648262c84a90053cdab654d22f25fe99'),('7d2dad79a5ad97819d235f179b069f63',NULL,NULL,NULL,NULL,NULL,0,NULL,'648262c84a90053cdab654d22f25fe99'),('bf05ccea04930af1a85b5e37a0d62114',NULL,NULL,NULL,NULL,NULL,0,NULL,'648262c84a90053cdab654d22f25fe99'),('93ad1b79fefc774319e09d0000d18431',NULL,NULL,NULL,NULL,NULL,0,NULL,'648262c84a90053cdab654d22f25fe99'),('7db8b606cd5546f7a3a63c67d6544949',NULL,NULL,NULL,NULL,NULL,0,NULL,'3044df03d68bbe499d671984aec7d0ee'),('6cc0a81b7a060f1481e3ee91f45a1e9d',NULL,NULL,NULL,NULL,NULL,0,NULL,'28ca8c98818a409c957f4721434db974'),('d7951a51732a6e240b4bbe2b6bf74163',NULL,NULL,NULL,NULL,NULL,0,NULL,'28ca8c98818a409c957f4721434db974'),('4f8140b15b25ceae433c531f5ba9b2aa',NULL,NULL,NULL,NULL,NULL,0,NULL,'28ca8c98818a409c957f4721434db974'),('665534156bd8bcf947ba8b2d1e7b6dd4',NULL,NULL,NULL,NULL,NULL,0,NULL,'1cb34ddfaef37c52cc34518915fe3da7'),('753a5f33d18bcee81eb2c311b8dfb504',NULL,NULL,NULL,NULL,NULL,0,NULL,'1cb34ddfaef37c52cc34518915fe3da7'),('e731e0ac012b1153a1b2b38c9b0880ea',NULL,NULL,NULL,NULL,NULL,0,NULL,'1cb34ddfaef37c52cc34518915fe3da7'),('11cfb5502b859e80408c08153fec269a',NULL,NULL,NULL,NULL,NULL,0,NULL,'1cb34ddfaef37c52cc34518915fe3da7'),('2477b1830b3b9b629244212446d4e04c',NULL,NULL,NULL,NULL,NULL,0,NULL,'1cb34ddfaef37c52cc34518915fe3da7'),('ad7e79c4b4e63ffe11605af1e886caf5',NULL,NULL,NULL,NULL,NULL,0,NULL,'1cb34ddfaef37c52cc34518915fe3da7'),('e2593da9a5368bfea9c3e7d5a7bdb8c0',NULL,NULL,NULL,NULL,NULL,0,NULL,'1cb34ddfaef37c52cc34518915fe3da7'),('d57cc7d20701c53a0cd7a505d41ca9ca',NULL,NULL,NULL,NULL,NULL,0,NULL,'ac2ede658db4caa7f0dbddf925804a22'),('74170ab1d1a70f624eb0d6ed88c4f8fe',NULL,NULL,NULL,NULL,NULL,0,NULL,'ac2ede658db4caa7f0dbddf925804a22'),('dc4fc4c25c172eae574a2d95458ae254',NULL,NULL,NULL,NULL,NULL,0,NULL,'ac2ede658db4caa7f0dbddf925804a22'),('a95a24fbfb2b08f6351e67a114abbdc9',NULL,NULL,NULL,NULL,NULL,0,NULL,'ac2ede658db4caa7f0dbddf925804a22'),('bb670a4e79b18a9505c62101ff80e0f6',NULL,NULL,NULL,NULL,NULL,0,NULL,'ac2ede658db4caa7f0dbddf925804a22'),('a7c0f6a8683abcba8a496d18b1ff4789',NULL,NULL,NULL,NULL,NULL,0,NULL,'ac2ede658db4caa7f0dbddf925804a22'),('80e10d87040e0234cd33b90555f389d1',NULL,NULL,NULL,NULL,NULL,0,NULL,'ac2ede658db4caa7f0dbddf925804a22'),('f2ad82dca0e88a2432ddc46b89bceae7',NULL,NULL,NULL,NULL,NULL,0,NULL,'ac2ede658db4caa7f0dbddf925804a22'),('4986dca0446686f313430f17fa33964b',NULL,NULL,NULL,NULL,NULL,0,NULL,'ac2ede658db4caa7f0dbddf925804a22'),('9e20466cc82ae720b6f6065e64fcc8c6',NULL,NULL,NULL,NULL,NULL,0,NULL,'ac2ede658db4caa7f0dbddf925804a22'),('ffa214dc4cf605a7fd3cc2e0ed6a441d',NULL,NULL,NULL,NULL,NULL,0,NULL,'62754cc542bc49341703f011c96e9b41'),('16e6a56d08899bfc8cbbcbbf47db257d',NULL,NULL,NULL,NULL,NULL,0,NULL,'62754cc542bc49341703f011c96e9b41'),('41afaf88aee757ec49f635a67cab8eba',NULL,NULL,NULL,NULL,NULL,0,NULL,'62754cc542bc49341703f011c96e9b41'),('77942afb5da7bb5c9187410955559f16',NULL,NULL,NULL,NULL,NULL,0,NULL,'62754cc542bc49341703f011c96e9b41'),('52356e182d300855eb13e40063d6e39e',NULL,NULL,NULL,NULL,NULL,0,NULL,'f367517b9c2893e903e8a88af0139fe3'),('e6d67b17f772ceb3c76d6876f72cd15f',NULL,NULL,NULL,NULL,NULL,0,NULL,'f367517b9c2893e903e8a88af0139fe3'),('4e01e3c6dc2e8d4131e7e9309dbc90fe',NULL,NULL,NULL,NULL,NULL,0,NULL,'a1c917949594d4f6725f1d9ccd3e5733'),('7a12ded8b65dfe466b93027a4658e143',NULL,NULL,NULL,NULL,NULL,0,NULL,'a1c917949594d4f6725f1d9ccd3e5733'),('3709e51c00f62e0c57c77f454fc54920',NULL,NULL,NULL,NULL,NULL,0,NULL,'a1c917949594d4f6725f1d9ccd3e5733'),('2d2f89535746fa34240ba73b705ddf87',NULL,NULL,NULL,NULL,NULL,0,NULL,'91b34836d7b0f716e937efa47b8f696d'),('433ffd74fcec46cdf561a17d4865a324',NULL,NULL,NULL,NULL,NULL,0,NULL,'91b34836d7b0f716e937efa47b8f696d'),('90fd6fba091596f7f9986c589547007e',NULL,NULL,NULL,NULL,NULL,0,NULL,'91b34836d7b0f716e937efa47b8f696d'),('f16121ed00bf75a26efb7c1b5df6c06d',NULL,NULL,NULL,NULL,NULL,0,NULL,'b85124841d6678dc808e8b2829da049d'),('4a63f1504ed08ad19d7a622af959e715',NULL,NULL,NULL,NULL,NULL,0,NULL,'b85124841d6678dc808e8b2829da049d'),('dc1f23f844efe635139bdbfbc91324e0',NULL,NULL,NULL,NULL,NULL,0,NULL,'b85124841d6678dc808e8b2829da049d'),('9574fc38700f1ab5433014e2a29e51aa',NULL,NULL,NULL,NULL,NULL,0,NULL,'b85124841d6678dc808e8b2829da049d'),('713783f47566eacf4df971d08e5a7772',NULL,NULL,NULL,NULL,NULL,0,NULL,'c7d7b6d0408da0f6a6bdeaddd3c8a5ae'),('8345820c0a5fda400037ad39e103f266',NULL,NULL,NULL,NULL,NULL,0,NULL,'c7d7b6d0408da0f6a6bdeaddd3c8a5ae'),('46f9c72051d0abfe6699a8ebed45c687',NULL,NULL,NULL,NULL,NULL,0,NULL,'c7d7b6d0408da0f6a6bdeaddd3c8a5ae'),('1821b93328ca6098d0c798b003f5c619',NULL,NULL,NULL,NULL,NULL,0,NULL,'c7d7b6d0408da0f6a6bdeaddd3c8a5ae'),('3394b0cf6ee36adf1719544b6607877c',NULL,NULL,NULL,NULL,NULL,0,NULL,'de8b9041c149bff1bccd7ca475b78371'),('63f8ff61408e8c0b1ce9fd711888af4d',NULL,NULL,NULL,NULL,NULL,0,NULL,'de8b9041c149bff1bccd7ca475b78371'),('0fe32aecd9aec21a0da7f9e4d80ed812',NULL,NULL,NULL,NULL,NULL,0,NULL,'bbd18ec8b211839e50b5b48a16ebe557'),('f0ccfd9beabc01f07626d127b581a2aa',NULL,NULL,NULL,NULL,NULL,0,NULL,'bbd18ec8b211839e50b5b48a16ebe557'),('b46294f20056cf45897df71ee99902d0',NULL,NULL,NULL,NULL,NULL,0,NULL,'bbd18ec8b211839e50b5b48a16ebe557'),('993a4462134ad52c46ef979d626a50aa',NULL,NULL,NULL,NULL,NULL,0,NULL,'bbd18ec8b211839e50b5b48a16ebe557'),('45dba7c03ae95c0dc1066e59e5bf0837',NULL,NULL,NULL,NULL,NULL,0,NULL,'bbd18ec8b211839e50b5b48a16ebe557'),('dfafd938b6a27251b9d32a8014e8f153',NULL,NULL,NULL,NULL,NULL,0,NULL,'ae9c42ba904eef0850be20529571b779'),('7c8d5c6e6f707ddc884f288c38ef783e',NULL,NULL,NULL,NULL,NULL,0,NULL,'ae9c42ba904eef0850be20529571b779'),('b2b2b745b2e0f8e1235a254c8d31a55a',NULL,NULL,NULL,NULL,NULL,0,NULL,'8c9a2ea2b14cf30ca37de29b84ec6948'),('9f08f634a3b1929c3fa9ac963f48ed8e',NULL,NULL,NULL,NULL,NULL,0,NULL,'8c9a2ea2b14cf30ca37de29b84ec6948'),('0c293a20aab26cec99f463369e49b99e',NULL,NULL,NULL,NULL,NULL,0,NULL,'8c9a2ea2b14cf30ca37de29b84ec6948'),('f545e7ab864186205c4a62032ea4179b',NULL,NULL,NULL,NULL,NULL,0,NULL,'8c9a2ea2b14cf30ca37de29b84ec6948'),('bf2cf883119b1c062f8c2e2759164fea',NULL,NULL,NULL,NULL,NULL,0,NULL,'8c9a2ea2b14cf30ca37de29b84ec6948'),('69c01e8ffbada807ae83c74e371762dc',NULL,NULL,NULL,NULL,NULL,0,NULL,'8c9a2ea2b14cf30ca37de29b84ec6948'),('89a097278e03a90457ea4edcb4dabfeb',NULL,NULL,NULL,NULL,NULL,0,NULL,'8c9a2ea2b14cf30ca37de29b84ec6948'),('eeecc326606bd19025ada10f375c76a5',NULL,NULL,NULL,NULL,NULL,0,NULL,'8c9a2ea2b14cf30ca37de29b84ec6948'),('5b1a7e10e3f85a46c374956624114034',NULL,NULL,NULL,NULL,NULL,0,NULL,'8c9a2ea2b14cf30ca37de29b84ec6948'),('602af2ec0d3a5369c80984ada10f42ee',NULL,NULL,NULL,NULL,NULL,0,NULL,'80c7eb58b24195c5ae23dff071a970e7'),('91146c034c5e0e465c13896262e8a557',NULL,NULL,NULL,NULL,NULL,0,NULL,'80c7eb58b24195c5ae23dff071a970e7'),('52d124e399706772df07c4b6c27856f5',NULL,NULL,NULL,NULL,NULL,0,NULL,'80c7eb58b24195c5ae23dff071a970e7'),('978fcf76323b7c82697b7f9d372ef2f1',NULL,NULL,NULL,NULL,NULL,0,NULL,'8330de38bc575724aa53406a7bc42e4c'),('fbdc09e444a9a9b36721e29d737551a8',NULL,NULL,NULL,NULL,NULL,0,NULL,'8330de38bc575724aa53406a7bc42e4c'),('896a946f4f0f9306d039dbf6f70888ec',NULL,NULL,NULL,NULL,NULL,0,NULL,'8330de38bc575724aa53406a7bc42e4c'),('856478e8e5620ce206059039a9063471',NULL,NULL,NULL,NULL,NULL,0,NULL,'8330de38bc575724aa53406a7bc42e4c'),('abee346daa6eb6bd564ac4db88b02ae2',NULL,NULL,NULL,NULL,NULL,0,NULL,'8330de38bc575724aa53406a7bc42e4c'),('52b37f7d121896a021d51bc4cb3f1172',NULL,NULL,NULL,NULL,NULL,0,NULL,'8330de38bc575724aa53406a7bc42e4c'),('602da89bfe67b26c6225e4c105040934',NULL,NULL,NULL,NULL,NULL,0,NULL,'94c72e72259ad8f48619f3b6cac35585'),('afd8c5868355b680c3806e0bcde00bd1',NULL,NULL,NULL,NULL,NULL,0,NULL,'94c72e72259ad8f48619f3b6cac35585'),('78026f900a6adebd99b96e8c8c6d081f',NULL,NULL,NULL,NULL,NULL,0,NULL,'2d8f7eedce1502f1b7b14a10fea7c802'),('a6054450da5b904de645b9f9075a55cc',NULL,NULL,NULL,NULL,NULL,0,NULL,'2d8f7eedce1502f1b7b14a10fea7c802'),('6a5fac28befca5204260f6c45b629465',NULL,NULL,NULL,NULL,NULL,0,NULL,'2d8f7eedce1502f1b7b14a10fea7c802'),('e992b010382728af1dd3e30f8f40509f',NULL,NULL,NULL,NULL,NULL,0,NULL,'2d8f7eedce1502f1b7b14a10fea7c802'),('516e26881a679af35f010bb0e2e232f0',NULL,NULL,NULL,NULL,NULL,0,NULL,'2d8f7eedce1502f1b7b14a10fea7c802'),('543bc03fb83b86372db6a5fa5391abf7',NULL,NULL,NULL,NULL,NULL,0,NULL,'2d8f7eedce1502f1b7b14a10fea7c802'),('8f98058b84831d25ae2995e01d140bce',NULL,NULL,NULL,NULL,NULL,0,NULL,'973a966539d04d895bf1d0715f12f451'),('99802f76db89379e81440cc065bd19b7',NULL,NULL,NULL,NULL,NULL,0,NULL,'973a966539d04d895bf1d0715f12f451'),('a340fc33fb6a06eb0a8c5d4017b5b1e7',NULL,NULL,NULL,NULL,NULL,0,NULL,'973a966539d04d895bf1d0715f12f451'),('8561ecf71516ccfbdead3ef6ac7c04be',NULL,NULL,NULL,NULL,NULL,0,NULL,'973a966539d04d895bf1d0715f12f451'),('ef74cbac6064bed3356375355cc8af68',NULL,NULL,NULL,NULL,NULL,0,NULL,'973a966539d04d895bf1d0715f12f451'),('98ce6719f99f85aed8cf133d91d02cc6',NULL,NULL,NULL,NULL,NULL,0,NULL,'dcd89f467b8562c5f1c110cdf7e146a8'),('4c04505c029ff8f7dc02472a21e076b4',NULL,NULL,NULL,NULL,NULL,0,NULL,'dcd89f467b8562c5f1c110cdf7e146a8'),('59fde00eb6a2b6228db2cb4b58007849',NULL,NULL,NULL,NULL,NULL,0,NULL,'dcd89f467b8562c5f1c110cdf7e146a8'),('24c73bca0b2cd7d373d5ceb64180cc65',NULL,NULL,NULL,NULL,NULL,0,NULL,'dcd89f467b8562c5f1c110cdf7e146a8'),('5ee0ab165e37623f32df2c5b2c4f490b',NULL,NULL,NULL,NULL,NULL,0,NULL,'0e045d949344d856161b55e35942ae76'),('d0b0abbab54730e91e1497dafb76873e',NULL,NULL,NULL,NULL,NULL,0,NULL,'0e045d949344d856161b55e35942ae76'),('166680531eebaf2b72a27052ab1e160a',NULL,NULL,NULL,NULL,NULL,0,NULL,'0e045d949344d856161b55e35942ae76'),('6091d0c5887b572ff68f71fe6cb7ab19',NULL,NULL,NULL,NULL,NULL,0,NULL,'0e045d949344d856161b55e35942ae76'),('effd82a13373dd9030776d71561b6f71',NULL,NULL,NULL,NULL,NULL,0,NULL,'0e045d949344d856161b55e35942ae76'),('dcb489eacd9dd08ff28a2e3df2ec3cd4',NULL,NULL,NULL,NULL,NULL,0,NULL,'0e045d949344d856161b55e35942ae76'),('3a8f44df83806b07abde36ddc7908277',NULL,NULL,NULL,NULL,NULL,0,NULL,'0e045d949344d856161b55e35942ae76'),('166d3cb732bd3a6151d4ffae02a9c082',NULL,NULL,NULL,NULL,NULL,0,NULL,'cbb9323319de48dcf25449500795f302'),('ec952d3516b2eda87d75ed415f6f83cf',NULL,NULL,NULL,NULL,NULL,0,NULL,'cbb9323319de48dcf25449500795f302'),('262441b277019c5f020b7b89552ca837',NULL,NULL,NULL,NULL,NULL,0,NULL,'c95d4e7babc23677962524abbc8f05ab'),('829a8b132baaa46597e260f7e1e664b5',NULL,NULL,NULL,NULL,NULL,0,NULL,'c95d4e7babc23677962524abbc8f05ab'),('3786891f0145e3b2259c29892449efeb',NULL,NULL,NULL,NULL,NULL,0,NULL,'3df5fcb96f6ba3019df9d539206ab3c1'),('c0ab0d5d043512a7e4703644d3547ba1',NULL,NULL,NULL,NULL,NULL,0,NULL,'3df5fcb96f6ba3019df9d539206ab3c1'),('16ffc8ee419b7d1b0560a20215e29d8d',NULL,NULL,NULL,NULL,NULL,0,NULL,'3df5fcb96f6ba3019df9d539206ab3c1'),('531175464d0378131e212a32d4239d11',NULL,NULL,NULL,NULL,NULL,0,NULL,'09c46513f12394237fbc6661c006916f'),('4e65cd328c07a5e79af50446a621caf7',NULL,NULL,NULL,NULL,NULL,0,NULL,'09c46513f12394237fbc6661c006916f'),('2709b3a213d3c50f15357ee6b70dcf74',NULL,NULL,NULL,NULL,NULL,0,NULL,'09c46513f12394237fbc6661c006916f'),('77cdc4c193becacbf482d73aaa85f57a',NULL,NULL,NULL,NULL,NULL,0,NULL,'09c46513f12394237fbc6661c006916f'),('5443c67d863629757b514e719a4f9709',NULL,NULL,NULL,NULL,NULL,0,NULL,'09c46513f12394237fbc6661c006916f'),('4308471ca08e88cd436eef01485d1524',NULL,NULL,NULL,NULL,NULL,0,NULL,'09c46513f12394237fbc6661c006916f'),('24529df4f46c6e4c23b4d93bf84fa204',NULL,NULL,NULL,NULL,NULL,0,NULL,'9f972ddb3cfe67145b079a1ecda7315c'),('c59ff5954ed8ed61549a680e190e170d',NULL,NULL,NULL,NULL,NULL,0,NULL,'9f972ddb3cfe67145b079a1ecda7315c'),('bed76bf5d332df65d1f1d061a2015ee1',NULL,NULL,NULL,NULL,NULL,0,NULL,'5fa7e60c20cda00d8ea7bc87a13a6118'),('8921e0051a046715f36d58718eb48f53',NULL,NULL,NULL,NULL,NULL,0,NULL,'f2a14272a2fc808550d9d8c4434a9ff5'),('c609e792e09f22e39c43465b1e2ca5aa',NULL,NULL,NULL,NULL,NULL,0,NULL,'f2a14272a2fc808550d9d8c4434a9ff5'),('520896be3767b10c00be1127ba1b76d0',NULL,NULL,NULL,NULL,NULL,0,NULL,'f2a14272a2fc808550d9d8c4434a9ff5'),('54dc55fa611ec03f823604ed990432c2',NULL,NULL,NULL,NULL,NULL,0,NULL,'f2a14272a2fc808550d9d8c4434a9ff5'),('6b99405ec2b476ae385590f0a643ee1b',NULL,NULL,NULL,NULL,NULL,0,NULL,'f2a14272a2fc808550d9d8c4434a9ff5'),('aaade2e72f0484cf092bb42d56a6405c',NULL,NULL,NULL,NULL,NULL,0,NULL,'f2a14272a2fc808550d9d8c4434a9ff5'),('ad85d68e3f45d72f8fe51ec0580d0eaf',NULL,NULL,NULL,NULL,NULL,0,NULL,'f2a14272a2fc808550d9d8c4434a9ff5'),('59ebef4347bb231c62d4e93fc4496426',NULL,NULL,NULL,NULL,NULL,0,NULL,'07a1605778781737c0ab9fee8fb609ce'),('23e988cd9900f38fb46b4e1715f52004',NULL,NULL,NULL,NULL,NULL,0,NULL,'07a1605778781737c0ab9fee8fb609ce'),('76e32063aa21727d294b09f2b7a8438e',NULL,NULL,NULL,NULL,NULL,0,NULL,'07a1605778781737c0ab9fee8fb609ce'),('1453a0cd683509f883446e46a7935424',NULL,NULL,NULL,NULL,NULL,0,NULL,'07a1605778781737c0ab9fee8fb609ce'),('7cef1e5f586eecfbf0bd5a6a5e3d2ae2',NULL,NULL,NULL,NULL,NULL,0,NULL,'07a1605778781737c0ab9fee8fb609ce'),('6d7cabb913dc5dbc22a7af7e0b7b7823',NULL,NULL,NULL,NULL,NULL,0,NULL,'3313eb0fb6bb76b9d4580aff9391923e'),('53e1e5f2610cce2d1d7aaee561a2c5ea',NULL,NULL,NULL,NULL,NULL,0,NULL,'3313eb0fb6bb76b9d4580aff9391923e'),('7ec71e1fc524e08589d8fcf6cbd10daf',NULL,NULL,NULL,NULL,NULL,0,NULL,'3313eb0fb6bb76b9d4580aff9391923e'),('b31927a56a2975b7431cadb8395e6f18',NULL,NULL,NULL,NULL,NULL,0,NULL,'194ad3b493377721786699e342f828b1'),('a4735ab360c7836b70af1408e564e19d',NULL,NULL,NULL,NULL,NULL,0,NULL,'194ad3b493377721786699e342f828b1'),('fb60e812c969939f91f1eeef70fc7308',NULL,NULL,NULL,NULL,NULL,0,NULL,'194ad3b493377721786699e342f828b1'),('2547aa981496a32ef069561ecd9c5de3',NULL,NULL,NULL,NULL,NULL,0,NULL,'194ad3b493377721786699e342f828b1'),('bed4c63fc342cdde5b0d07b2f61d1718',NULL,NULL,NULL,NULL,NULL,0,NULL,'194ad3b493377721786699e342f828b1'),('a25c2f2a1516ee82b89bd6190795282d',NULL,NULL,NULL,NULL,NULL,0,NULL,'194ad3b493377721786699e342f828b1'),('c33ba049ceefa0ecfea6b677eec1904c',NULL,NULL,NULL,NULL,NULL,0,NULL,'f004311ff44ccb89aeee483e2eed81fd'),('6d27642665840e9453be604c26ad505b',NULL,NULL,NULL,NULL,NULL,0,NULL,'f004311ff44ccb89aeee483e2eed81fd'),('3105e10a929287a0a90adbe974b3e1ea',NULL,NULL,NULL,NULL,NULL,0,NULL,'f004311ff44ccb89aeee483e2eed81fd'),('2e1cdeb85a0948f789ad74ed9cb63b38',NULL,NULL,NULL,NULL,NULL,0,NULL,'f004311ff44ccb89aeee483e2eed81fd'),('21361ec326bea2c6f21761f9195e049e',NULL,NULL,NULL,NULL,NULL,0,NULL,'3d302da5e04a1d785e652c099415a48b'),('8bf7f9f99f325106cd2a4026723f1e9c',NULL,NULL,NULL,NULL,NULL,0,NULL,'3d302da5e04a1d785e652c099415a48b'),('c163d3b77cc762baa182216c3ed5f28f',NULL,NULL,NULL,NULL,NULL,0,NULL,'3d302da5e04a1d785e652c099415a48b'),('c994cf89dc8e8502adc482d3686c1aa0',NULL,NULL,NULL,NULL,NULL,0,NULL,'3d302da5e04a1d785e652c099415a48b'),('911ace33119b64a32af83168c54f63f5',NULL,NULL,NULL,NULL,NULL,0,NULL,'3d302da5e04a1d785e652c099415a48b'),('22ee2813b2dc7ec892a73f67738bb6ca',NULL,NULL,NULL,NULL,NULL,0,NULL,'ab6dcc5619b7c4ee0c416fec96b6171e'),('fd19d46bf7620463d0aca8c7e57685bb',NULL,NULL,NULL,NULL,NULL,0,NULL,'ab6dcc5619b7c4ee0c416fec96b6171e'),('2e67197355be4d305968a32fe1f17a0a',NULL,NULL,NULL,NULL,NULL,0,NULL,'ab6dcc5619b7c4ee0c416fec96b6171e'),('7896f1f3b650d270ed6a702b9f37c5cc',NULL,NULL,NULL,NULL,NULL,0,NULL,'ab6dcc5619b7c4ee0c416fec96b6171e'),('b29acd012990e39d1a43a1c9bcab3a97',NULL,NULL,NULL,NULL,NULL,0,NULL,'c86785c6720b371fde62a7508c3b82fc'),('4fb4135546901da9001d01898a899275',NULL,NULL,NULL,NULL,NULL,0,NULL,'c86785c6720b371fde62a7508c3b82fc'),('b52743553c205aec9dfb9d7de0c5d022',NULL,NULL,NULL,NULL,NULL,0,NULL,'c86785c6720b371fde62a7508c3b82fc'),('83f89bd1e9674f448be44ced4f42c694',NULL,NULL,NULL,NULL,NULL,0,NULL,'c86785c6720b371fde62a7508c3b82fc'),('c8d66954059f3619bd04e50b3057f361',NULL,NULL,NULL,NULL,NULL,0,NULL,'c86785c6720b371fde62a7508c3b82fc'),('4aa2540bd03273fce4740df641c017a1',NULL,NULL,NULL,NULL,NULL,0,NULL,'c86785c6720b371fde62a7508c3b82fc'),('2c0c2c88daad72c8e440860329a678c8',NULL,NULL,NULL,NULL,NULL,0,NULL,'c86785c6720b371fde62a7508c3b82fc'),('7e85f1366de5cdd1c0bc9bc9940d7ce3',NULL,NULL,NULL,NULL,NULL,0,NULL,'c86785c6720b371fde62a7508c3b82fc'),('a0afeaad3d75e3967594652595d7bcf2',NULL,NULL,NULL,NULL,NULL,0,NULL,'f7d9f516eb053b8b96c0f8d90cc5fb78'),('0c963008aace6dcadf9c9e37b7422efd',NULL,NULL,NULL,NULL,NULL,0,NULL,'f7d9f516eb053b8b96c0f8d90cc5fb78'),('78d37598ae74830e429045a03e588bb4',NULL,NULL,NULL,NULL,NULL,0,NULL,'f7d9f516eb053b8b96c0f8d90cc5fb78'),('294ce2fcc69ab45d2403ca356219011e',NULL,NULL,NULL,NULL,NULL,0,NULL,'cb02bbcfd7e8ea2765b431f69bc81c67'),('ee9fd84846b41eb4a99167dfbab3a6af',NULL,NULL,NULL,NULL,NULL,0,NULL,'cb02bbcfd7e8ea2765b431f69bc81c67'),('2c54960b550986423bac05570c38c348',NULL,NULL,NULL,NULL,NULL,0,NULL,'cb02bbcfd7e8ea2765b431f69bc81c67'),('07e6cf00b8b726f8af089c483d72a555',NULL,NULL,NULL,NULL,NULL,0,NULL,'cb02bbcfd7e8ea2765b431f69bc81c67'),('f0747838d2c49944f63acd568020d783',NULL,NULL,NULL,NULL,NULL,0,NULL,'cb02bbcfd7e8ea2765b431f69bc81c67'),('afbd3cacb190822662e44586e1ee89b9',NULL,NULL,NULL,NULL,NULL,0,NULL,'cb02bbcfd7e8ea2765b431f69bc81c67'),('68b6e718454913f79b21c488491345f1',NULL,NULL,NULL,NULL,NULL,0,NULL,'cb02bbcfd7e8ea2765b431f69bc81c67'),('46396fc45d0a2a411ede28f568e1df4e',NULL,NULL,NULL,NULL,NULL,0,NULL,'cb02bbcfd7e8ea2765b431f69bc81c67'),('bd2531f8a9d62ec5cfd7bf968dc23d5e',NULL,NULL,NULL,NULL,NULL,0,NULL,'cb02bbcfd7e8ea2765b431f69bc81c67'),('8f7af6c2785cb2ed0aa17ead3309ac74',NULL,NULL,NULL,NULL,NULL,0,NULL,'cb02bbcfd7e8ea2765b431f69bc81c67'),('cf9f83c9a98179156eea8631f56eb05b',NULL,NULL,NULL,NULL,NULL,0,NULL,'93d6fed0a5cf602354d898a67b98593b'),('cab9edcf634d0d9f3fbbf4053fb45b72',NULL,NULL,NULL,NULL,NULL,0,NULL,'93d6fed0a5cf602354d898a67b98593b'),('584cbd84194e983dcaf51233d9bdf948',NULL,NULL,NULL,NULL,NULL,0,NULL,'93d6fed0a5cf602354d898a67b98593b'),('82501e824e828feb0d984038fa951437',NULL,NULL,NULL,NULL,NULL,0,NULL,'93d6fed0a5cf602354d898a67b98593b'),('5ae3d36b392a89503bc7dc715c15b177',NULL,NULL,NULL,NULL,NULL,0,NULL,'93d6fed0a5cf602354d898a67b98593b'),('019ca9800fbd7646f119ea51de459a7b',NULL,NULL,NULL,NULL,NULL,0,NULL,'93d6fed0a5cf602354d898a67b98593b'),('9deb2fac2b363678187c5bd2ad1c6843',NULL,NULL,NULL,NULL,NULL,0,NULL,'93d6fed0a5cf602354d898a67b98593b'),('1db9a1d82bde5e7ee95fdee1723ac28b',NULL,NULL,NULL,NULL,NULL,0,NULL,'a6a13fa71d2242f6ffe9b1c4f6b0ed49'),('97300853b52f025f5f5042cc67217a45',NULL,NULL,NULL,NULL,NULL,0,NULL,'a6a13fa71d2242f6ffe9b1c4f6b0ed49'),('9268e3e8869e9839b4776750bb7e1abe',NULL,NULL,NULL,NULL,NULL,0,NULL,'a6a13fa71d2242f6ffe9b1c4f6b0ed49'),('0f7949d0a69d8289f4df696d90112066',NULL,NULL,NULL,NULL,NULL,0,NULL,'a6a13fa71d2242f6ffe9b1c4f6b0ed49'),('f44000d1f264369b655e209552ca6cd5',NULL,NULL,NULL,NULL,NULL,0,NULL,'a6a13fa71d2242f6ffe9b1c4f6b0ed49'),('4d9f8ff76e36fba5f5107505bc26e016',NULL,NULL,NULL,NULL,NULL,0,NULL,'a6a13fa71d2242f6ffe9b1c4f6b0ed49'),('b239d8311333011d7b7abe306c3ce435',NULL,NULL,NULL,NULL,NULL,0,NULL,'32d03f563a93a5204f145474da6de674'),('02d14300e4006f4cda3bfcec36fc3ce8',NULL,NULL,NULL,NULL,NULL,0,NULL,'32d03f563a93a5204f145474da6de674'),('a51ecffdbab0ea81c81ac0b88b8be941',NULL,NULL,NULL,NULL,NULL,0,NULL,'32d03f563a93a5204f145474da6de674'),('8db0167bd88965eea02e7088b690307e',NULL,NULL,NULL,NULL,NULL,0,NULL,'32d03f563a93a5204f145474da6de674'),('f82d77f3e9c355a6a9f63bfd065355e7',NULL,NULL,NULL,NULL,NULL,0,NULL,'a3b275fdf2ec5c25e5c393604c3d80fc'),('21edd92e9ae9954bc36ed9943e1fae9f',NULL,NULL,NULL,NULL,NULL,0,NULL,'a3b275fdf2ec5c25e5c393604c3d80fc'),('761cfb81045896b2e34f61b051246864',NULL,NULL,NULL,NULL,NULL,0,NULL,'a3b275fdf2ec5c25e5c393604c3d80fc'),('56a32358368b2eabda1679e3bb7751c7',NULL,NULL,NULL,NULL,NULL,0,NULL,'a3b275fdf2ec5c25e5c393604c3d80fc'),('65c96f704f2c700138cf74f8af8d5417',NULL,NULL,NULL,NULL,NULL,0,NULL,'a3b275fdf2ec5c25e5c393604c3d80fc'),('5d995eb0e0625b58bc8cafe2ea56b9ba',NULL,NULL,NULL,NULL,NULL,0,NULL,'a3b275fdf2ec5c25e5c393604c3d80fc'),('ac0645898e22327999ec38a8c54c18a5',NULL,NULL,NULL,NULL,NULL,0,NULL,'db5e64a2900005be1c6a91a2fc2a0ef4'),('ae17a4b69e65c2ffd8404cdf9bb30440',NULL,NULL,NULL,NULL,NULL,0,NULL,'db5e64a2900005be1c6a91a2fc2a0ef4'),('c3bbac038965ca799dac6d2037e68505',NULL,NULL,NULL,NULL,NULL,0,NULL,'db5e64a2900005be1c6a91a2fc2a0ef4'),('81246e735e813c2ad36fea53a7991c61',NULL,NULL,NULL,NULL,NULL,0,NULL,'db5e64a2900005be1c6a91a2fc2a0ef4'),('7f7fb28e83baa4d4c4224b9bcf069faa',NULL,NULL,NULL,NULL,NULL,0,NULL,'db5e64a2900005be1c6a91a2fc2a0ef4'),('54fe96e6d18c42e01019c46a8afc0de1',NULL,NULL,NULL,NULL,NULL,0,NULL,'db5e64a2900005be1c6a91a2fc2a0ef4'),('4e5987365e4f51c93b8d4ed04ac2be60',NULL,NULL,NULL,NULL,NULL,0,NULL,'db5e64a2900005be1c6a91a2fc2a0ef4'),('9f0e4ddcb3a61bec31886c81fbcf4392',NULL,NULL,NULL,NULL,NULL,0,NULL,'db5e64a2900005be1c6a91a2fc2a0ef4'),('5f9cdb26dfd9d23ee7601ab531aedc3f',NULL,NULL,NULL,NULL,NULL,0,NULL,'3a2e07e7c2dcf20b22daedc4b7b4eedf'),('5de2adbf95b6771a1635fd7324170ef1',NULL,NULL,NULL,NULL,NULL,0,NULL,'3a2e07e7c2dcf20b22daedc4b7b4eedf'),('a59db422c9e95addd58fc95079b0ee36',NULL,NULL,NULL,NULL,NULL,0,NULL,'c93bfb532044412c68487c28a895aca5'),('cb28a4a3a9468738baa6201c153274ca',NULL,NULL,NULL,NULL,NULL,0,NULL,'c93bfb532044412c68487c28a895aca5'),('be3b7ad8d47a2804346255ddacac4c41',NULL,NULL,NULL,NULL,NULL,0,NULL,'c93bfb532044412c68487c28a895aca5'),('21adb6937c1fe0660b567623582bd598',NULL,NULL,NULL,NULL,NULL,0,NULL,'c93bfb532044412c68487c28a895aca5'),('e31d1301719f78526ea3471b10a1d75c',NULL,NULL,NULL,NULL,NULL,0,NULL,'8db0b83e971cc8a941f76432c52e2e41'),('47c44fec021ebbebc45a232fe3519fb5',NULL,NULL,NULL,NULL,NULL,0,NULL,'8db0b83e971cc8a941f76432c52e2e41'),('8f4d25fbae29ce2faa64275a19c9ba73',NULL,NULL,NULL,NULL,NULL,0,NULL,'8db0b83e971cc8a941f76432c52e2e41'),('fa9373f58f093a59b8fda059fa986505',NULL,NULL,NULL,NULL,NULL,0,NULL,'8db0b83e971cc8a941f76432c52e2e41'),('0c01e5f68bccc9cd7d27e0932f291a6a',NULL,NULL,NULL,NULL,NULL,0,NULL,'8db0b83e971cc8a941f76432c52e2e41'),('7427fcf73760c5a88fd68194d578e4fa',NULL,NULL,NULL,NULL,NULL,0,NULL,'9e4c1b69cf011617e691627469e6727b'),('992cf003a115e0d04e4f5ee58eeecebf',NULL,NULL,NULL,NULL,NULL,0,NULL,'9e4c1b69cf011617e691627469e6727b'),('5fa707c50af5c75b147eb31fc0ff1a28',NULL,NULL,NULL,NULL,NULL,0,NULL,'9e4c1b69cf011617e691627469e6727b'),('19d7e2ac33ff9be68a351b74db5fa5ef',NULL,NULL,NULL,NULL,NULL,0,NULL,'9e4c1b69cf011617e691627469e6727b'),('26642ded25e5d871564ee5d25494f6f0',NULL,NULL,NULL,NULL,NULL,0,NULL,'9e4c1b69cf011617e691627469e6727b'),('4e541edfcf0fb5497e3c2fdf213c93de',NULL,NULL,NULL,NULL,NULL,0,NULL,'9e4c1b69cf011617e691627469e6727b'),('6f68ff3da5000ca5a69338b559456881',NULL,NULL,NULL,NULL,NULL,0,NULL,'9e4c1b69cf011617e691627469e6727b'),('7ecddcfd87432e8f81432ca413314ac4',NULL,NULL,NULL,NULL,NULL,0,NULL,'9e4c1b69cf011617e691627469e6727b'),('2567b73e6a50124a3fd0d86822ce2c45',NULL,NULL,NULL,NULL,NULL,0,NULL,'9e4c1b69cf011617e691627469e6727b'),('ac601c5d5542a895c1c5a8d4c9297b45',NULL,NULL,NULL,NULL,NULL,0,NULL,'9e4c1b69cf011617e691627469e6727b'),('ab1644328710c207c92a82dc3ce1b9eb',NULL,NULL,NULL,NULL,NULL,0,NULL,'9e4c1b69cf011617e691627469e6727b'),('5a916a6ccb664513244b177574acc2c4',NULL,NULL,NULL,NULL,NULL,0,NULL,'c1c89a60faff81e996e55b06a23ef38f'),('b02f017686ed6cb575d136841661dc01',NULL,NULL,NULL,NULL,NULL,0,NULL,'c1c89a60faff81e996e55b06a23ef38f'),('7cda6d69998589304f80c84335dea070',NULL,NULL,NULL,NULL,NULL,0,NULL,'c1c89a60faff81e996e55b06a23ef38f'),('f08d66bd2f9c9f8ca2cd9058f2e4ab40',NULL,NULL,NULL,NULL,NULL,0,NULL,'c1c89a60faff81e996e55b06a23ef38f'),('5c654e480549ef651b51bc7d8e442c8f',NULL,NULL,NULL,NULL,NULL,0,NULL,'c1c89a60faff81e996e55b06a23ef38f'),('f12eb7f1ded3dbdd90a24102fd313e7b',NULL,NULL,NULL,NULL,NULL,0,NULL,'c1c89a60faff81e996e55b06a23ef38f'),('a6b63bd012670d9e944efdc09e704e35',NULL,NULL,NULL,NULL,NULL,0,NULL,'ba62efc3ffe6774b1fc1998f15e7fa9d'),('cdf95c586cb71ff5042962ddc8e0ac6e',NULL,NULL,NULL,NULL,NULL,0,NULL,'ba62efc3ffe6774b1fc1998f15e7fa9d'),('e4e288b5c1c39d644e71fcd2b628ffa9',NULL,NULL,NULL,NULL,NULL,0,NULL,'c5a347b26d56b2dacbc424f4d6c9e984'),('d4ef5c5123be04c84eaf13362f9c60ef',NULL,NULL,NULL,NULL,NULL,0,NULL,'c5a347b26d56b2dacbc424f4d6c9e984'),('37c07f8263feefdda5c2b35e55619a0a',NULL,NULL,NULL,NULL,NULL,0,NULL,'c5a347b26d56b2dacbc424f4d6c9e984'),('0ff8935a455fa4256eaf08aab23ae85b',NULL,NULL,NULL,NULL,NULL,0,NULL,'c5a347b26d56b2dacbc424f4d6c9e984'),('dec4d1aa28434ca75f7c51d33516a87c',NULL,NULL,NULL,NULL,NULL,0,NULL,'d93720e544880028f2b9abb9ba6d80f3'),('9ddf35aabdcbabe9a23afc530083eb00',NULL,NULL,NULL,NULL,NULL,0,NULL,'d93720e544880028f2b9abb9ba6d80f3'),('2473b456c9de772893ad3dd20f640bf9',NULL,NULL,NULL,NULL,NULL,0,NULL,'d93720e544880028f2b9abb9ba6d80f3'),('004fbbef715045874802878ac4bcd76e',NULL,NULL,NULL,NULL,NULL,0,NULL,'d93720e544880028f2b9abb9ba6d80f3'),('60d1bb805172de616e70417a9a3c9a9c',NULL,NULL,NULL,NULL,NULL,0,NULL,'d93720e544880028f2b9abb9ba6d80f3'),('d1aea37985fb610579b9815db0d1f979',NULL,NULL,NULL,NULL,NULL,0,NULL,'d93720e544880028f2b9abb9ba6d80f3'),('c8e5c1bbdd78e41503c17d435c34a239',NULL,NULL,NULL,NULL,NULL,0,NULL,'79e4036319d00ddab3e79e9ad2d478ba'),('8175dfd5411e130e2ab1fea441d4679e',NULL,NULL,NULL,NULL,NULL,0,NULL,'79e4036319d00ddab3e79e9ad2d478ba'),('3891833310d513381851c88924ffaeab',NULL,NULL,NULL,NULL,NULL,0,NULL,'79e4036319d00ddab3e79e9ad2d478ba'),('725c54efe31a1a1acae48e1946092619',NULL,NULL,NULL,NULL,NULL,0,NULL,'79e4036319d00ddab3e79e9ad2d478ba'),('3a6efc855764d14474607e0a8abb5124',NULL,NULL,NULL,NULL,NULL,0,NULL,'a187d8641d659f040bac2cfd46854a9a'),('6697bd82427e388fdb31a443164edf63',NULL,NULL,NULL,NULL,NULL,0,NULL,'a187d8641d659f040bac2cfd46854a9a'),('4ed677a60b5adfaa2d53dd79de45edcf',NULL,NULL,NULL,NULL,NULL,0,NULL,'a187d8641d659f040bac2cfd46854a9a'),('a601de2386970eb907666715f3fa6bc1',NULL,NULL,NULL,NULL,NULL,0,NULL,'a187d8641d659f040bac2cfd46854a9a'),('5a4623c00d4f75be45e9e58d5b54b9dd',NULL,NULL,NULL,NULL,NULL,0,NULL,'daffa45965307b33b4b942d62377894f'),('5b5987e2c6312792ae8b4f138abb01d2',NULL,NULL,NULL,NULL,NULL,0,NULL,'daffa45965307b33b4b942d62377894f'),('c33f1ae6b5dc568322d66a231121e65a',NULL,NULL,NULL,NULL,NULL,0,NULL,'daffa45965307b33b4b942d62377894f'),('108b88b4d86abe6e10504f95abe39c86',NULL,NULL,NULL,NULL,NULL,0,NULL,'daffa45965307b33b4b942d62377894f'),('27dc1416dfebdf856e4818c431a8e63d',NULL,NULL,NULL,NULL,NULL,0,NULL,'daffa45965307b33b4b942d62377894f'),('afedc6dceb43f22ed07fa124a23f21f6',NULL,NULL,NULL,NULL,NULL,0,NULL,'daffa45965307b33b4b942d62377894f'),('26885ba81a3f1c9fce424330fa6a6fc2',NULL,NULL,NULL,NULL,NULL,0,NULL,'b814c4c0c5daeeabf4f640bb9bb59cf6'),('a726093253cd9367b03a90dfbf3f02ee',NULL,NULL,NULL,NULL,NULL,0,NULL,'b814c4c0c5daeeabf4f640bb9bb59cf6'),('1682b382ce5be9f3f8a7cfe6b5e2f62d',NULL,NULL,NULL,NULL,NULL,0,NULL,'b814c4c0c5daeeabf4f640bb9bb59cf6'),('714f94e66427ed3ef07ed7650affc80a',NULL,NULL,NULL,NULL,NULL,0,NULL,'b814c4c0c5daeeabf4f640bb9bb59cf6'),('c0068393c342cd7ea25e568b3f1f75c5',NULL,NULL,NULL,NULL,NULL,0,NULL,'b814c4c0c5daeeabf4f640bb9bb59cf6'),('95e0d0c7c4e65c8c74666c8f24e12cf2',NULL,NULL,NULL,NULL,NULL,0,NULL,'7c1517cb1d774308312a25ff785c3dbb'),('c9f3a17dd1ab3076e43a37c05c67f9fd',NULL,NULL,NULL,NULL,NULL,0,NULL,'7c1517cb1d774308312a25ff785c3dbb'),('c01a958a87d5da8a40cbc0d85ef068b3',NULL,NULL,NULL,NULL,NULL,0,NULL,'7c1517cb1d774308312a25ff785c3dbb'),('9f94a05ba388dc1d2a6a185c3dcdc70f',NULL,NULL,NULL,NULL,NULL,0,NULL,'1afd2f0bfab6aa868c991ada32940afb'),('c17267c5c9634cb10834964527af2a29',NULL,NULL,NULL,NULL,NULL,0,NULL,'1afd2f0bfab6aa868c991ada32940afb'),('9c8da7738833e8bf80127fbbc864810c',NULL,NULL,NULL,NULL,NULL,0,NULL,'1afd2f0bfab6aa868c991ada32940afb'),('7b936f53aa754f9d7b5650da59251643',NULL,NULL,NULL,NULL,NULL,0,NULL,'1afd2f0bfab6aa868c991ada32940afb'),('4ac2a178a7ed524d6cdac2df2555f9fb',NULL,NULL,NULL,NULL,NULL,0,NULL,'1afd2f0bfab6aa868c991ada32940afb'),('0ff178d6641e1b1f73d77e9349f55fa9',NULL,NULL,NULL,NULL,NULL,0,NULL,'d65e32ba579ff8ae7fa5c38c50583913'),('27e6c526b5e69ed9d4913544c9407f44',NULL,NULL,NULL,NULL,NULL,0,NULL,'d65e32ba579ff8ae7fa5c38c50583913'),('5b5380308716b2ff25ccc045937bb644',NULL,NULL,NULL,NULL,NULL,0,NULL,'d65e32ba579ff8ae7fa5c38c50583913'),('1935cde5afe7354205c91d2c9bd27b0a',NULL,NULL,NULL,NULL,NULL,0,NULL,'d65e32ba579ff8ae7fa5c38c50583913'),('6163ab8df2245c047bf0815bf3a9b8f7',NULL,NULL,NULL,NULL,NULL,0,NULL,'d65e32ba579ff8ae7fa5c38c50583913'),('c29aa29f67619bde4a5f32d355be2794',NULL,NULL,NULL,NULL,NULL,0,NULL,'6fe2ce1970769d7556872249c154a3b3'),('4abf381e3ad383a4ac7cf88296f47dae',NULL,NULL,NULL,NULL,NULL,0,NULL,'6fe2ce1970769d7556872249c154a3b3'),('4fab4747464ca202b7b927838ea76062',NULL,NULL,NULL,NULL,NULL,0,NULL,'6fe2ce1970769d7556872249c154a3b3'),('ea7128b8590dfaeb5dff5c6df69f4a54',NULL,NULL,NULL,NULL,NULL,0,NULL,'6fe2ce1970769d7556872249c154a3b3'),('8fbe342674ec3e5f65cd7e2c48cc416d',NULL,NULL,NULL,NULL,NULL,0,NULL,'6fe2ce1970769d7556872249c154a3b3'),('228a6afdbcd8d49838a3a22fb822c6fa',NULL,NULL,NULL,NULL,NULL,0,NULL,'6fe2ce1970769d7556872249c154a3b3'),('cad2709bc3018f120967641155321704',NULL,NULL,NULL,NULL,NULL,0,NULL,'489c39926b184267315fd97be6997914'),('98716dd646ba8fda53fc2d710eb89943',NULL,NULL,NULL,NULL,NULL,0,NULL,'489c39926b184267315fd97be6997914'),('19793717198662ffc5c190f33fb67bcf',NULL,NULL,NULL,NULL,NULL,0,NULL,'489c39926b184267315fd97be6997914'),('cbe2ed2a63e09ff763bf64184edd8890',NULL,NULL,NULL,NULL,NULL,0,NULL,'489c39926b184267315fd97be6997914'),('170165fa421cb3472a106f12c770aa1b',NULL,NULL,NULL,NULL,NULL,0,NULL,'7db555ddfe386ade6d336d2f83849d8e'),('24841985d98b36ec3fc0a9ce2745267b',NULL,NULL,NULL,NULL,NULL,0,NULL,'f70f5d9d113c072fb6073cca60a2763b'),('c1d18d80996d6c0e46142dcf5e535de5',NULL,NULL,NULL,NULL,NULL,0,NULL,'f70f5d9d113c072fb6073cca60a2763b'),('b6f208302a0637376e5855296747d0c5',NULL,NULL,NULL,NULL,NULL,0,NULL,'f70f5d9d113c072fb6073cca60a2763b'),('73078075a9a3dbe3593aad32b8247c50',NULL,NULL,NULL,NULL,NULL,0,NULL,'f70f5d9d113c072fb6073cca60a2763b'),('e11f10b887f51b0f003e06b096ccab7f',NULL,NULL,NULL,NULL,NULL,0,NULL,'f70f5d9d113c072fb6073cca60a2763b'),('d717e510d97b8c2793b405723a7eb6eb',NULL,NULL,NULL,NULL,NULL,0,NULL,'f70f5d9d113c072fb6073cca60a2763b'),('af89730a63dcef954d5de61ea088a8e0',NULL,NULL,NULL,NULL,NULL,0,NULL,'f70f5d9d113c072fb6073cca60a2763b'),('d50ad5c7233bb7331014aef015eb58a6',NULL,NULL,NULL,NULL,NULL,0,NULL,'f70f5d9d113c072fb6073cca60a2763b'),('574eecc2b49231124af6a267d87b4490',NULL,NULL,NULL,NULL,NULL,0,NULL,'f70f5d9d113c072fb6073cca60a2763b'),('56924ea6b2c2ced7b75aec85e2903f98',NULL,NULL,NULL,NULL,NULL,0,NULL,'f1982fda44cebde1419550c3cda8413b'),('a87530f4fa3d6770f0f704f9d6c901ac',NULL,NULL,NULL,NULL,NULL,0,NULL,'f1982fda44cebde1419550c3cda8413b'),('247a2a79c647f60b2a4cb8491e3e3c22',NULL,NULL,NULL,NULL,NULL,0,NULL,'f1982fda44cebde1419550c3cda8413b'),('7a2f8267183ac9e2b6ab4d9bfa8ed944',NULL,NULL,NULL,NULL,NULL,0,NULL,'f1982fda44cebde1419550c3cda8413b'),('ce13bccb1d65688c456bd9e6169d42ad',NULL,NULL,NULL,NULL,NULL,0,NULL,'f1982fda44cebde1419550c3cda8413b'),('5134e759eaaf2459613e66c18e3bdb0d',NULL,NULL,NULL,NULL,NULL,0,NULL,'f1982fda44cebde1419550c3cda8413b'),('f00a8e99d78457e1511cf5521a8ec075',NULL,NULL,NULL,NULL,NULL,0,NULL,'f1982fda44cebde1419550c3cda8413b'),('c6694ca3aa3ac7db72f66ea4cef5250d',NULL,NULL,NULL,NULL,NULL,0,NULL,'f1982fda44cebde1419550c3cda8413b'),('85eec07463e68dcbbd7adb9f0bf791b5',NULL,NULL,NULL,NULL,NULL,0,NULL,'f1982fda44cebde1419550c3cda8413b'),('2cc4098546a0e433ea1e9f4589bfb78d',NULL,NULL,NULL,NULL,NULL,0,NULL,'f1982fda44cebde1419550c3cda8413b'),('79f6edb7f24cd60fd5269f22550f2a55',NULL,NULL,NULL,NULL,NULL,0,NULL,'f1982fda44cebde1419550c3cda8413b'),('bc89792a05eca6a5bdc898bd2aad8924',NULL,NULL,NULL,NULL,NULL,0,NULL,'36014f74d05f6667fcad2b66f4b19812'),('76c8369402165ac219ada242b983bbdc',NULL,NULL,NULL,NULL,NULL,0,NULL,'36014f74d05f6667fcad2b66f4b19812'),('a37ef0c6d8235055d191fe73dd25d6e4',NULL,NULL,NULL,NULL,NULL,0,NULL,'36014f74d05f6667fcad2b66f4b19812'),('d2ebe57471608aa273c0d5a0f2e7a7c0',NULL,NULL,NULL,NULL,NULL,0,NULL,'36014f74d05f6667fcad2b66f4b19812'),('083f646a34ed5021463bc1b8d59eb71a',NULL,NULL,NULL,NULL,NULL,0,NULL,'36014f74d05f6667fcad2b66f4b19812'),('0d55dcf938fe848296df99b8615f2c5b',NULL,NULL,NULL,NULL,NULL,0,NULL,'36014f74d05f6667fcad2b66f4b19812'),('19c7b20ae8c29cd5ee0cae2d257c1695',NULL,NULL,NULL,NULL,NULL,0,NULL,'222d6cfa17e1027cb0a771aefbeb1ada'),('03a882da97ef3a81205d95d46784c446',NULL,NULL,NULL,NULL,NULL,0,NULL,'222d6cfa17e1027cb0a771aefbeb1ada'),('be837417470c4ad833b127be6dc326cc',NULL,NULL,NULL,NULL,NULL,0,NULL,'222d6cfa17e1027cb0a771aefbeb1ada'),('6e799945c07e8d7a98f55752dad6421a',NULL,NULL,NULL,NULL,NULL,0,NULL,'222d6cfa17e1027cb0a771aefbeb1ada'),('0d705427478bcdbc39192a19073023d8',NULL,NULL,NULL,NULL,NULL,0,NULL,'c6c2908e41c6be3344277ef58f3a13af'),('5c65fc71b9e6feef9589c797037c9415',NULL,NULL,NULL,NULL,NULL,0,NULL,'c6c2908e41c6be3344277ef58f3a13af'),('a57db56cfafdc10fdec9ecd58c5a391d',NULL,NULL,NULL,NULL,NULL,0,NULL,'488294d3887533faaba410a509e490db'),('21d1dea9b600ac3dea51cea97a21c463',NULL,NULL,NULL,NULL,NULL,0,NULL,'488294d3887533faaba410a509e490db'),('f0bf23e3aad30f41b46f43f9f255cf16',NULL,NULL,NULL,NULL,NULL,0,NULL,'488294d3887533faaba410a509e490db'),('999ee690ea01ac33670506b506e75aec',NULL,NULL,NULL,NULL,NULL,0,NULL,'488294d3887533faaba410a509e490db'),('4f20e935b2b598959d0840814b4a9ab1',NULL,NULL,NULL,NULL,NULL,0,NULL,'322e01defb4a86d2f7870a1b54c9f38c'),('95ce9353a0eab569956477d84fb41d69',NULL,NULL,NULL,NULL,NULL,0,NULL,'322e01defb4a86d2f7870a1b54c9f38c'),('42d837faf49ed0f2b2a72434f4b384d6',NULL,NULL,NULL,NULL,NULL,0,NULL,'322e01defb4a86d2f7870a1b54c9f38c'),('6157798dcc31ab813584b0e77645f6b4',NULL,NULL,NULL,NULL,NULL,0,NULL,'322e01defb4a86d2f7870a1b54c9f38c'),('53634edf093e247274dcbfdd6f91370c',NULL,NULL,NULL,NULL,NULL,0,NULL,'322e01defb4a86d2f7870a1b54c9f38c'),('bb1ecca9e4a46b4b389e5971bd5aa16e',NULL,NULL,NULL,NULL,NULL,0,NULL,'322e01defb4a86d2f7870a1b54c9f38c'),('adc98c44fff11431e1aa96f62e874315',NULL,NULL,NULL,NULL,NULL,0,NULL,'322e01defb4a86d2f7870a1b54c9f38c'),('dc330307f25ba031cdf3f4943211ef1c',NULL,NULL,NULL,NULL,NULL,0,NULL,'322e01defb4a86d2f7870a1b54c9f38c'),('34ae11ff27df1afe0df91fc9ff0fc8a4',NULL,NULL,NULL,NULL,NULL,0,NULL,'7d5d54e0f0d8b7b9b11179a2ec9f05b0'),('d548451f0bc26f380cc62c75f72c8fdf',NULL,NULL,NULL,NULL,NULL,0,NULL,'7d5d54e0f0d8b7b9b11179a2ec9f05b0'),('d20d5185b0d13ef0756fcf9da8218d1e',NULL,NULL,NULL,NULL,NULL,0,NULL,'7d5d54e0f0d8b7b9b11179a2ec9f05b0'),('6d00944114d3b8b1e12a05ad0a5f2730',NULL,NULL,NULL,NULL,NULL,0,NULL,'7d5d54e0f0d8b7b9b11179a2ec9f05b0'),('6f5fa88cf171fab40c076e2b5ecf1b1c',NULL,NULL,NULL,NULL,NULL,0,NULL,'5e8eed508d3c2b403f9fff22d3073d48'),('62e39116c4930dea0abebbe3c703d0bd',NULL,NULL,NULL,NULL,NULL,0,NULL,'16297c2d21c382da865bc2a94c9165bf'),('75a54a935b4ecb8b0f56c003cb00eb76',NULL,NULL,NULL,NULL,NULL,0,NULL,'16297c2d21c382da865bc2a94c9165bf'),('f14d7f79005331ceafdf5ab33b1c48b0',NULL,NULL,NULL,NULL,NULL,0,NULL,'16297c2d21c382da865bc2a94c9165bf'),('22158cb7556c4a95bb6b5a72564ca848',NULL,NULL,NULL,NULL,NULL,0,NULL,'b69ec084e7ea3483280027bb752190dc'),('67308695e349dadf0fe3ff524c921458',NULL,NULL,NULL,NULL,NULL,0,NULL,'b69ec084e7ea3483280027bb752190dc'),('2bfd06b642a862175752482ce58fe0f8',NULL,NULL,NULL,NULL,NULL,0,NULL,'b69ec084e7ea3483280027bb752190dc'),('c8eb7208fc8cb7e1f1444c867070faa6',NULL,NULL,NULL,NULL,NULL,0,NULL,'b69ec084e7ea3483280027bb752190dc'),('0b0aec36e28b15f86b1b2370df700614',NULL,NULL,NULL,NULL,NULL,0,NULL,'b69ec084e7ea3483280027bb752190dc'),('ac002220add1590118a5707de4e8a488',NULL,NULL,NULL,NULL,NULL,0,NULL,'3b34e1d356dd2eb215f217587bad44ef'),('61e2e5481cfa3604026aff38ffed3dd8',NULL,NULL,NULL,NULL,NULL,0,NULL,'3b34e1d356dd2eb215f217587bad44ef'),('c086359afc0cb4334c8366ac88193c40',NULL,NULL,NULL,NULL,NULL,0,NULL,'6821271e7e38b2766335543d651837d1'),('37c802e675ba3780107e6152eac3eb6f',NULL,NULL,NULL,NULL,NULL,0,NULL,'6821271e7e38b2766335543d651837d1'),('d776b05f09bc575448062398af7ae510',NULL,NULL,NULL,NULL,NULL,0,NULL,'6821271e7e38b2766335543d651837d1'),('723a13b8a8b83ef60685e5e939a57801',NULL,NULL,NULL,NULL,NULL,0,NULL,'6821271e7e38b2766335543d651837d1'),('ee5b74a447498048a15270053a3bcb94',NULL,NULL,NULL,NULL,NULL,0,NULL,'6821271e7e38b2766335543d651837d1'),('e42133c455aff10bfab5b9d0c3a55a31',NULL,NULL,NULL,NULL,NULL,0,NULL,'6821271e7e38b2766335543d651837d1'),('184253d9efe6df248d2006b4810eff84',NULL,NULL,NULL,NULL,NULL,0,NULL,'6821271e7e38b2766335543d651837d1'),('dd93369c05c7c56a4235a69d039cfa37',NULL,NULL,NULL,NULL,NULL,0,NULL,'840db71fdf072b4bfb5179fbf0b570d6'),('953f7670d276b615e029dfce065f309f',NULL,NULL,NULL,NULL,NULL,0,NULL,'840db71fdf072b4bfb5179fbf0b570d6'),('3d382ac8641e180b2d4267b248342849',NULL,NULL,NULL,NULL,NULL,0,NULL,'840db71fdf072b4bfb5179fbf0b570d6'),('bf78e62c51d86ebdc084c561c547b741',NULL,NULL,NULL,NULL,NULL,0,NULL,'840db71fdf072b4bfb5179fbf0b570d6'),('7144bc216c43fb92f953f641e416fbbe',NULL,NULL,NULL,NULL,NULL,0,NULL,'1af65197781a76637dc54c821c1838bf'),('b9632b525eac1fdbbb31a44ed5beefff',NULL,NULL,NULL,NULL,NULL,0,NULL,'1af65197781a76637dc54c821c1838bf'),('5288db2ef638667e8faf001ec677b7a3',NULL,NULL,NULL,NULL,NULL,0,NULL,'1af65197781a76637dc54c821c1838bf'),('1dbce46b4e23f124f7a9e6d274f971d6',NULL,NULL,NULL,NULL,NULL,0,NULL,'0d8af62d21afd499c60163ba249985fa'),('c31c0531aa774233894ff5052d7c6084',NULL,NULL,NULL,NULL,NULL,0,NULL,'0d8af62d21afd499c60163ba249985fa'),('49484ca84bb9296db526e1c25532989a',NULL,NULL,NULL,NULL,NULL,0,NULL,'0d8af62d21afd499c60163ba249985fa'),('b16333971f6d44f3a2e83d2318748ec6',NULL,NULL,NULL,NULL,NULL,0,NULL,'0d8af62d21afd499c60163ba249985fa'),('bc949bdfa805af10faa10c99cb028cd9',NULL,NULL,NULL,NULL,NULL,0,NULL,'0d8af62d21afd499c60163ba249985fa'),('77ce1a4d789f11d06eeb5274bfe25c91',NULL,NULL,NULL,NULL,NULL,0,NULL,'46a90fe9dd98fb1856d575d8ac8e2874'),('339d7fc46e95c415b2f8983b97382542',NULL,NULL,NULL,NULL,NULL,0,NULL,'941a9add03229a71998a6f44eb287640'),('51b04c700ad33a4ed8ff0ed48013419c',NULL,NULL,NULL,NULL,NULL,0,NULL,'941a9add03229a71998a6f44eb287640'),('00ff91e85b6bfa005586096dc78fdf05',NULL,NULL,NULL,NULL,NULL,0,NULL,'941a9add03229a71998a6f44eb287640'),('97e847be42b72d477c3bbaab56fd4634',NULL,NULL,NULL,NULL,NULL,0,NULL,'80deb87c596b1f8ce97bd945f33b9812'),('646cc391381ca70d3bd7a5da6794eea7',NULL,NULL,NULL,NULL,NULL,0,NULL,'80deb87c596b1f8ce97bd945f33b9812'),('94dfdc262147b44f1e775a01434d6942',NULL,NULL,NULL,NULL,NULL,0,NULL,'80deb87c596b1f8ce97bd945f33b9812'),('2a3a9036a93117c67d4f4bdecbf7e236',NULL,NULL,NULL,NULL,NULL,0,NULL,'445141710e57cd84e456b7da842fa75d'),('1d9f2a7704224ff645fb943aab7c1959',NULL,NULL,NULL,NULL,NULL,0,NULL,'445141710e57cd84e456b7da842fa75d'),('eaf93ee3663f12b2cabda748fc19e11b',NULL,NULL,NULL,NULL,NULL,0,NULL,'445141710e57cd84e456b7da842fa75d'),('3b3498c7411c0a983a117cf5b0d93dcb',NULL,NULL,NULL,NULL,NULL,0,NULL,'4f65858235d817f8d5f2874d48005a84'),('0b26eafe471ea9bf22fd0ed3a0ed0696',NULL,NULL,NULL,NULL,NULL,0,NULL,'4f65858235d817f8d5f2874d48005a84'),('259e6bb922bd9bf73adabe84eaeb1562',NULL,NULL,NULL,NULL,NULL,0,NULL,'4f65858235d817f8d5f2874d48005a84'),('f0b016ffd322c1bc65d5bc18468eee69',NULL,NULL,NULL,NULL,NULL,0,NULL,'4f65858235d817f8d5f2874d48005a84'),('16083cedcfc5953acf7813740ba4c73d',NULL,NULL,NULL,NULL,NULL,0,NULL,'4f65858235d817f8d5f2874d48005a84'),('0ce3f083f2913c445e9d69d247f14722',NULL,NULL,NULL,NULL,NULL,0,NULL,'4f65858235d817f8d5f2874d48005a84'),('2088dd9f1abb08c0aa49c484ec1f988e',NULL,NULL,NULL,NULL,NULL,0,NULL,'94fd0f0191f183dadc7fb344e6bf0b72'),('60b6ec8a6f83479a8ed7b2430d5976e0',NULL,NULL,NULL,NULL,NULL,0,NULL,'9847771205a3847855090d0fe13a6761'),('591f90ea126d7a4ecfcc36df66627925',NULL,NULL,NULL,NULL,NULL,0,NULL,'9847771205a3847855090d0fe13a6761'),('c080c1144149daa709410ccb361b1690',NULL,NULL,NULL,NULL,NULL,0,NULL,'9847771205a3847855090d0fe13a6761'),('c2cbaacf582e37a1b4d2b6feeb61ae3e',NULL,NULL,NULL,NULL,NULL,0,NULL,'9847771205a3847855090d0fe13a6761'),('170b6698d1d5997fd4b62d39b221814b',NULL,NULL,NULL,NULL,NULL,0,NULL,'25b19b529f51f74eab92c4e23d064036'),('2568e52bd77175e3ecc1df1ff838bbc5',NULL,NULL,NULL,NULL,NULL,0,NULL,'25b19b529f51f74eab92c4e23d064036'),('76493944e68ecaab7f7c577bc199badb',NULL,NULL,NULL,NULL,NULL,0,NULL,'25b19b529f51f74eab92c4e23d064036'),('4bf10075d54e54eca63de7b7c1254f9e',NULL,NULL,NULL,NULL,NULL,0,NULL,'25b19b529f51f74eab92c4e23d064036'),('6e88d18798c9f6f5dc4ae9d05c1561b4',NULL,NULL,NULL,NULL,NULL,0,NULL,'25b19b529f51f74eab92c4e23d064036'),('0e3f61d57cb07fb6b558a5348f512283',NULL,NULL,NULL,NULL,NULL,0,NULL,'25b19b529f51f74eab92c4e23d064036'),('c234775b124c31b6a45813e9ba471c16',NULL,NULL,NULL,NULL,NULL,0,NULL,'25b19b529f51f74eab92c4e23d064036'),('30cc693d7809ae928ea3b6689125b669',NULL,NULL,NULL,NULL,NULL,0,NULL,'25b19b529f51f74eab92c4e23d064036'),('1509d7824892889e71687074f2a0f35f',NULL,NULL,NULL,NULL,NULL,0,NULL,'25b19b529f51f74eab92c4e23d064036'),('053fcf6e31559080e957a1f50bd2a738',NULL,NULL,NULL,NULL,NULL,0,NULL,'e68534864c97388210a895171a32b351'),('d0f95292dc092b3fa831a3f415dda710',NULL,NULL,NULL,NULL,NULL,0,NULL,'e68534864c97388210a895171a32b351'),('cb92ff084fddcd0cea8fa37c5bfd5e4e',NULL,NULL,NULL,NULL,NULL,0,NULL,'e68534864c97388210a895171a32b351'),('50a11882248b37a7c33c4c55e44731fa',NULL,NULL,NULL,NULL,NULL,0,NULL,'e68534864c97388210a895171a32b351'),('4c2125f93e4f7d8cc2005395e0681906',NULL,NULL,NULL,NULL,NULL,0,NULL,'e68534864c97388210a895171a32b351'),('d1a1da62d4ecb5c5a8a862938f255964',NULL,NULL,NULL,NULL,NULL,0,NULL,'e68534864c97388210a895171a32b351'),('a326b2f828abe0ba4145434c42ec1846',NULL,NULL,NULL,NULL,NULL,0,NULL,'e68534864c97388210a895171a32b351'),('8f68ffd397da4e88b942886689d6e8b6',NULL,NULL,NULL,NULL,NULL,0,NULL,'e68534864c97388210a895171a32b351'),('1b22e6606804beb433ce1fc64fc580aa',NULL,NULL,NULL,NULL,NULL,0,NULL,'e68534864c97388210a895171a32b351'),('6e20a9ea4b2cb3804cb49ceed043c838',NULL,NULL,NULL,NULL,NULL,0,NULL,'e68534864c97388210a895171a32b351'),('8ae02514e838297ccfc288fa3aac08a8',NULL,NULL,NULL,NULL,NULL,0,NULL,'e68534864c97388210a895171a32b351'),('0e8494424d0c2684ace14da2e9505f83',NULL,NULL,NULL,NULL,NULL,0,NULL,'e68534864c97388210a895171a32b351'),('4ef0ff3fc5fe949f4700106d875339a2',NULL,NULL,NULL,NULL,NULL,0,NULL,'e68534864c97388210a895171a32b351'),('abfe2078b9911824c6f3afbe715cdc9b',NULL,NULL,NULL,NULL,NULL,0,NULL,'bf8aaf65ee165fb32afab9e4cc4cebd3'),('cc2772d746d3067a9111ae4a5f28c005',NULL,NULL,NULL,NULL,NULL,0,NULL,'bf8aaf65ee165fb32afab9e4cc4cebd3'),('354cd18dcb823309690f3059e58d09bb',NULL,NULL,NULL,NULL,NULL,0,NULL,'bf8aaf65ee165fb32afab9e4cc4cebd3'),('ab294c667beee23b14da83cb475963dc',NULL,NULL,NULL,NULL,NULL,0,NULL,'bf8aaf65ee165fb32afab9e4cc4cebd3'),('125f41d11957ee6f8e50488265e6da3e',NULL,NULL,NULL,NULL,NULL,0,NULL,'bf8aaf65ee165fb32afab9e4cc4cebd3'),('2db07012b37b4818fd71aaa815e4616f',NULL,NULL,NULL,NULL,NULL,0,NULL,'bf8aaf65ee165fb32afab9e4cc4cebd3'),('6afe3bcd383ab8f9f13acfbb03a42d3a',NULL,NULL,NULL,NULL,NULL,0,NULL,'bf8aaf65ee165fb32afab9e4cc4cebd3'),('98cf7cb9079855002595641b98a3231d',NULL,NULL,NULL,NULL,NULL,0,NULL,'bf8aaf65ee165fb32afab9e4cc4cebd3'),('24b2e8042f4c8e9d3b4a55849d37f9b8',NULL,NULL,NULL,NULL,NULL,0,NULL,'bf8aaf65ee165fb32afab9e4cc4cebd3'),('44cb96d12aaba4de3ca5f9c409da9899',NULL,NULL,NULL,NULL,NULL,0,NULL,'bf8aaf65ee165fb32afab9e4cc4cebd3'),('915a967ab9d1d9e732b5febc727b4cdd',NULL,NULL,NULL,NULL,NULL,0,NULL,'bf8aaf65ee165fb32afab9e4cc4cebd3'),('13bd238571153063242f8f887bf17957',NULL,NULL,NULL,NULL,NULL,0,NULL,'bf8aaf65ee165fb32afab9e4cc4cebd3'),('af04e7e7a764aeeb3745cb5b351a19b8',NULL,NULL,NULL,NULL,NULL,0,NULL,'3bec79904af94384d3f40449737a574c'),('7838cdc6c3ee5416160acf312afff17b',NULL,NULL,NULL,NULL,NULL,0,NULL,'3bec79904af94384d3f40449737a574c'),('8736358192e54f0b6013c98e471e9978',NULL,NULL,NULL,NULL,NULL,0,NULL,'3bec79904af94384d3f40449737a574c'),('ad26486e7af1578018e56f7c37a3cccd',NULL,NULL,NULL,NULL,NULL,0,NULL,'3bec79904af94384d3f40449737a574c'),('874c2bcdff5a326aa7131e5c298f81ea',NULL,NULL,NULL,NULL,NULL,0,NULL,'3bec79904af94384d3f40449737a574c'),('1ac9fa68b18fc6199756e81c0095f8e3',NULL,NULL,NULL,NULL,NULL,0,NULL,'3bec79904af94384d3f40449737a574c'),('739b281e43f32f5afde1e2eeb8385379',NULL,NULL,NULL,NULL,NULL,0,NULL,'3bec79904af94384d3f40449737a574c'),('092f227a50f3296be7fa8eebf881b3eb',NULL,NULL,NULL,NULL,NULL,0,NULL,'3bec79904af94384d3f40449737a574c'),('ec7ce932672070162f2aca09cb4ec294',NULL,NULL,NULL,NULL,NULL,0,NULL,'3bec79904af94384d3f40449737a574c'),('407e7ea6ab44a39065c96fc2e3bc1d3b',NULL,NULL,NULL,NULL,NULL,0,NULL,'3bec79904af94384d3f40449737a574c'),('cde9b11e3fe989956e0d5d7bff411511',NULL,NULL,NULL,NULL,NULL,0,NULL,'3bec79904af94384d3f40449737a574c'),('5600a70b8fcf617958a22183faca077b',NULL,NULL,NULL,NULL,NULL,0,NULL,'3bec79904af94384d3f40449737a574c'),('2aafcf13ef07e5b7b3491c10cb9b9c6f',NULL,NULL,NULL,NULL,NULL,0,NULL,'3bec79904af94384d3f40449737a574c'),('a917ab09b730b3a55b96f8540c0c2fcc',NULL,NULL,NULL,NULL,NULL,0,NULL,'cb4edb0d7f56c968b0c12572ce01c3d7'),('3cf294bcef115a06fc2f57ea1a63b0f0',NULL,NULL,NULL,NULL,NULL,0,NULL,'cb4edb0d7f56c968b0c12572ce01c3d7'),('70dc612a5e6c777eb4f9d6f3bc18ba8e',NULL,NULL,NULL,NULL,NULL,0,NULL,'cb4edb0d7f56c968b0c12572ce01c3d7'),('5ec535e3f3e4e8eb741738e9dbd3f193',NULL,NULL,NULL,NULL,NULL,0,NULL,'217c48b55aa8cffa65655d17ac4d8849'),('2cfd7370627d26554184f3f595fa9e27',NULL,NULL,NULL,NULL,NULL,0,NULL,'217c48b55aa8cffa65655d17ac4d8849'),('e708906628d4fe7ff25b7513a1e9e4cc',NULL,NULL,NULL,NULL,NULL,0,NULL,'217c48b55aa8cffa65655d17ac4d8849'),('db8123e2075cb63fdb5b78f1afefe2bc',NULL,NULL,NULL,NULL,NULL,0,NULL,'217c48b55aa8cffa65655d17ac4d8849'),('efa7652ddd2d36ca53e0e3ec9abd72d0',NULL,NULL,NULL,NULL,NULL,0,NULL,'217c48b55aa8cffa65655d17ac4d8849'),('b2eda87852ec2d76cb556efa745170dc',NULL,NULL,NULL,NULL,NULL,0,NULL,'11cc860694798b9948bada8805e06747'),('95a13f613bee81390167133b1b07daec',NULL,NULL,NULL,NULL,NULL,0,NULL,'174fe0090eeb1443715fc6b438aa80c0'),('ae2821286b4cfeffd53bc5ec7b948715',NULL,NULL,NULL,NULL,NULL,0,NULL,'174fe0090eeb1443715fc6b438aa80c0'),('cbd14e671c88fb820b284e38f363ed9d',NULL,NULL,NULL,NULL,NULL,0,NULL,'174fe0090eeb1443715fc6b438aa80c0'),('6c0c365d41385a2a6de612bcb91f09c9',NULL,NULL,NULL,NULL,NULL,0,NULL,'174fe0090eeb1443715fc6b438aa80c0'),('f090c72fe83ae8d1bf04c14d06ab9350',NULL,NULL,NULL,NULL,NULL,0,NULL,'bac00bc6f6b471a9bc661b007eac0476'),('df1e732aa21b6888e86082ca2cd09266',NULL,NULL,NULL,NULL,NULL,0,NULL,'bac00bc6f6b471a9bc661b007eac0476'),('2e0be696036f5191c5415c4414e165dd',NULL,NULL,NULL,NULL,NULL,0,NULL,'bac00bc6f6b471a9bc661b007eac0476'),('210fa6298243c670b7da350de0cd00f7',NULL,NULL,NULL,NULL,NULL,0,NULL,'bac00bc6f6b471a9bc661b007eac0476'),('89cc6d84895909c3a297757193c2ee26',NULL,NULL,NULL,NULL,NULL,0,NULL,'bac00bc6f6b471a9bc661b007eac0476'),('79ba43587eb684634f1b42a8d5825dcb',NULL,NULL,NULL,NULL,NULL,0,NULL,'b6636f3cdfa3068c2a72f1034400c5d3'),('1e1b34fdd01bf0df6818fee6d4e0cd75',NULL,NULL,NULL,NULL,NULL,0,NULL,'b6636f3cdfa3068c2a72f1034400c5d3'),('d58fb8ff41c6fc212dc297a2fd674b26',NULL,NULL,NULL,NULL,NULL,0,NULL,'b6636f3cdfa3068c2a72f1034400c5d3'),('59091822000fae29c80ecf8ce313b144',NULL,NULL,NULL,NULL,NULL,0,NULL,'b6636f3cdfa3068c2a72f1034400c5d3'),('9ba44dc5871441d4193500c7c12bc757',NULL,NULL,NULL,NULL,NULL,0,NULL,'b6636f3cdfa3068c2a72f1034400c5d3'),('203dc2b4a8c96033efa3187ebb33db1a',NULL,NULL,NULL,NULL,NULL,0,NULL,'b6636f3cdfa3068c2a72f1034400c5d3'),('9a4378752f34ccfff6644e21512bfcf8',NULL,NULL,NULL,NULL,NULL,0,NULL,'bbab7bd466d3872474e53e910b803632'),('1dc4a471448ad28ce59fef42abd4e3c1',NULL,NULL,NULL,NULL,NULL,0,NULL,'bbab7bd466d3872474e53e910b803632'),('d76b4d3f010d12a578986415d3966d68',NULL,NULL,NULL,NULL,NULL,0,NULL,'bbab7bd466d3872474e53e910b803632'),('9aa6b55d7d5668196d30123a85d314ac',NULL,NULL,NULL,NULL,NULL,0,NULL,'bbab7bd466d3872474e53e910b803632'),('9813a4b824abc389f0ab88613b56a26e',NULL,NULL,NULL,NULL,NULL,0,NULL,'bbab7bd466d3872474e53e910b803632'),('de6ff99eebdc5386b19390129088faf0',NULL,NULL,NULL,NULL,NULL,0,NULL,'7955e38a47176af0ddcc39014185f4d0'),('f3d4891c76ae0e982c056d8f80b99e06',NULL,NULL,NULL,NULL,NULL,0,NULL,'7955e38a47176af0ddcc39014185f4d0'),('2ef576446c55211c5c2e18e981de7154',NULL,NULL,NULL,NULL,NULL,0,NULL,'7955e38a47176af0ddcc39014185f4d0'),('5da8b579d230d42d8c0be6d427f2860e',NULL,NULL,NULL,NULL,NULL,0,NULL,'7955e38a47176af0ddcc39014185f4d0'),('5e68afdaa2b90a8f673dde32990611af',NULL,NULL,NULL,NULL,NULL,0,NULL,'e8161e53f7d47c66681bc2a21e5a782b'),('f66e4c2119b34d78efdb9dfd57f08056',NULL,NULL,NULL,NULL,NULL,0,NULL,'e8161e53f7d47c66681bc2a21e5a782b'),('6a6c2a44615192432b3d3d31b6ac1cd9',NULL,NULL,NULL,NULL,NULL,0,NULL,'e8161e53f7d47c66681bc2a21e5a782b'),('a82a91d142f400c3d35e65190738bad3',NULL,NULL,NULL,NULL,NULL,0,NULL,'afa51570fe99f3c1842579e4253401c5'),('31873c751c61f9ada2143edf1f4074ae',NULL,NULL,NULL,NULL,NULL,0,NULL,'afa51570fe99f3c1842579e4253401c5'),('2cdc36d4ba4c8bf32c556d05bddfeb5b',NULL,NULL,NULL,NULL,NULL,0,NULL,'afa51570fe99f3c1842579e4253401c5'),('830c40c30f037789b4918f539b591705',NULL,NULL,NULL,NULL,NULL,0,NULL,'afa51570fe99f3c1842579e4253401c5');
/*!40000 ALTER TABLE `room` ENABLE KEYS */;
UNLOCK TABLES;

--
-- Table structure for table `room_img`
--

DROP TABLE IF EXISTS `room_img`;
/*!40101 SET @saved_cs_client     = @@character_set_client */;
/*!50503 SET character_set_client = utf8mb4 */;
CREATE TABLE `room_img` (
  `room_img_id` int NOT NULL AUTO_INCREMENT,
  `image` varchar(255) DEFAULT NULL,
  `room_id` int NOT NULL,
  PRIMARY KEY (`room_img_id`),
  KEY `FKg9q5emjfmujxn9w1s9g5lm6lg` (`room_id`)
) ENGINE=MyISAM DEFAULT CHARSET=utf8mb4 COLLATE=utf8mb4_0900_ai_ci;
/*!40101 SET character_set_client = @saved_cs_client */;

--
-- Dumping data for table `room_img`
--

LOCK TABLES `room_img` WRITE;
/*!40000 ALTER TABLE `room_img` DISABLE KEYS */;
/*!40000 ALTER TABLE `room_img` ENABLE KEYS */;
UNLOCK TABLES;

--
-- Table structure for table `user`
--

DROP TABLE IF EXISTS `user`;
/*!40101 SET @saved_cs_client     = @@character_set_client */;
/*!50503 SET character_set_client = utf8mb4 */;
CREATE TABLE `user` (
  `user_id` int NOT NULL AUTO_INCREMENT,
  `active` bit(1) DEFAULT NULL,
  `avatar` varchar(255) DEFAULT NULL,
  `dob` datetime DEFAULT NULL,
  `email` varchar(255) DEFAULT NULL,
  `fullname` varchar(255) DEFAULT NULL,
  `gender` int DEFAULT NULL,
  `password` varchar(255) DEFAULT NULL,
  `phone_number` varchar(255) DEFAULT NULL,
  `role` int DEFAULT NULL,
  `username` varchar(255) DEFAULT NULL,
  PRIMARY KEY (`user_id`)
) ENGINE=MyISAM AUTO_INCREMENT=11 DEFAULT CHARSET=utf8mb4 COLLATE=utf8mb4_0900_ai_ci;
/*!40101 SET character_set_client = @saved_cs_client */;

--
-- Dumping data for table `user`
--

LOCK TABLES `user` WRITE;
/*!40000 ALTER TABLE `user` DISABLE KEYS */;
INSERT INTO `user` VALUES (1,_binary '','',NULL,'hcmhotel@gmail.com',NULL,NULL,'$2a$10$r8Qvh/T1Htuwg6FfBsdF1erWBcx62qssbegsTJVKg0gwMtRgo3o/K',NULL,1,'hcmhotel'),(2,_binary '','',NULL,'hcmhotel@gmail.com',NULL,NULL,'$2a$10$DM9XKf6sPUPyKhKAYkwQrelGDEzkh1eFLu/3jPYk9lR7I5afwH3qi',NULL,1,'h1cmhotel'),(3,_binary '','',NULL,'hcmhotel@gmail.com',NULL,NULL,'$2a$10$epwUqVd1CcFOV/OetouVkOIppn0sU1VwDcr/yCBwatL7ueMlkhe1u',NULL,2,'h1cmho1tel'),(4,_binary '','',NULL,'hcmhotel@gmail.com',NULL,NULL,'$2a$10$6VxG/0rqTwGSqM.kpwn.IunpML7Ai72147Lh6.phiUwcWolD7vFcG',NULL,2,'h1cmh11o1tel'),(5,_binary '','',NULL,'hcmhotel@gmail.com',NULL,NULL,'$2a$10$1NiKX7IYoD1C5B1/S2c1tOEyITcTA91Z3yjiKVwR0uugNJGIpXDiO',NULL,2,'h1cmh111o1tel'),(6,_binary '','',NULL,'thanh@gmail.com',NULL,NULL,'$2a$10$Wvbr8yh2gH7x8BvBq1v5zeC0zn9LQPwFvgZvhsKMvfDh8kOU4XevW',NULL,1,'partner1'),(7,_binary '','',NULL,'phien@gmail.com',NULL,NULL,'$2a$10$fNFXgC2O10irFqGPz7EPc.Hly.w/9XRxzCngXVXla.LaK9aJs8gbq',NULL,1,'partner2'),(8,_binary '','',NULL,'huy@gmail.com',NULL,NULL,'$2a$10$XZi/c4Y8Jwi4xlwI3Lk5YuGxRzHL2Ch7KDXu8RNBKY5dD34JDEO7S',NULL,1,'partner3'),(9,_binary '','',NULL,'thanhad@gmail.com',NULL,NULL,'$2a$10$iAc1lNEi6Tj566R097w1POjZq.tpYmZS6CMvRFpGObgNC0nrMHFQC',NULL,2,'admin1'),(10,_binary '','',NULL,'trung@gmail.com',NULL,NULL,'$2a$10$CXdIGQnG5gSo4zjrKYE1.eHujFt0xeLX0JYdwh4oafsiFavdeHvPu',NULL,0,'trung6789');
/*!40000 ALTER TABLE `user` ENABLE KEYS */;
UNLOCK TABLES;
/*!40103 SET TIME_ZONE=@OLD_TIME_ZONE */;

/*!40101 SET SQL_MODE=@OLD_SQL_MODE */;
/*!40014 SET FOREIGN_KEY_CHECKS=@OLD_FOREIGN_KEY_CHECKS */;
/*!40014 SET UNIQUE_CHECKS=@OLD_UNIQUE_CHECKS */;
/*!40101 SET CHARACTER_SET_CLIENT=@OLD_CHARACTER_SET_CLIENT */;
/*!40101 SET CHARACTER_SET_RESULTS=@OLD_CHARACTER_SET_RESULTS */;
/*!40101 SET COLLATION_CONNECTION=@OLD_COLLATION_CONNECTION */;
/*!40111 SET SQL_NOTES=@OLD_SQL_NOTES */;

-- Dump completed on 2021-12-18  9:53:56
